-- phpMyAdmin SQL Dump
-- version 4.9.5
-- https://www.phpmyadmin.net/
--
-- Host: localhost:3306
-- Generation Time: Oct 31, 2020 at 01:30 PM
-- Server version: 5.7.32
-- PHP Version: 7.3.6

SET SQL_MODE = "NO_AUTO_VALUE_ON_ZERO";
SET AUTOCOMMIT = 0;
START TRANSACTION;
SET time_zone = "+00:00";


/*!40101 SET @OLD_CHARACTER_SET_CLIENT=@@CHARACTER_SET_CLIENT */;
/*!40101 SET @OLD_CHARACTER_SET_RESULTS=@@CHARACTER_SET_RESULTS */;
/*!40101 SET @OLD_COLLATION_CONNECTION=@@COLLATION_CONNECTION */;
/*!40101 SET NAMES utf8mb4 */;

--
-- Database: `m3lomhap_maloma`
--

-- --------------------------------------------------------

--
-- Table structure for table `categories`
--

CREATE TABLE `categories` (
  `id` int(10) UNSIGNED NOT NULL,
  `name` varchar(255) COLLATE utf8mb4_unicode_ci NOT NULL,
  `photo` varchar(255) COLLATE utf8mb4_unicode_ci NOT NULL,
  `created_at` timestamp NULL DEFAULT NULL,
  `updated_at` timestamp NULL DEFAULT NULL
) ENGINE=InnoDB DEFAULT CHARSET=utf8mb4 COLLATE=utf8mb4_unicode_ci;

--
-- Dumping data for table `categories`
--

INSERT INTO `categories` (`id`, `name`, `photo`, `created_at`, `updated_at`) VALUES
(1, 'الطب', '/uploads/categories/lcvpauI1Wa.jpeg', '2020-06-18 22:00:00', '2020-07-02 15:05:54'),
(2, 'الهندسه', '/uploads/categories/LdDs4nZWGQ.jpeg', '2020-06-18 22:00:00', '2020-07-02 15:06:10'),
(3, 'افراح', '/uploads/categories/UuKwWH3QjW.jpeg', '2020-07-02 15:04:56', '2020-07-02 15:05:09');

-- --------------------------------------------------------

--
-- Table structure for table `cities`
--

CREATE TABLE `cities` (
  `id` int(10) UNSIGNED NOT NULL,
  `name` varchar(255) COLLATE utf8mb4_unicode_ci NOT NULL,
  `country_id` int(10) UNSIGNED NOT NULL,
  `created_at` timestamp NULL DEFAULT NULL,
  `updated_at` timestamp NULL DEFAULT NULL
) ENGINE=InnoDB DEFAULT CHARSET=utf8mb4 COLLATE=utf8mb4_unicode_ci;

--
-- Dumping data for table `cities`
--

INSERT INTO `cities` (`id`, `name`, `country_id`, `created_at`, `updated_at`) VALUES
(1, 'جده', 1, '2020-06-18 22:00:00', '2020-06-18 22:00:00'),
(2, 'الرياض', 1, '2020-06-18 22:00:00', '2020-06-18 22:00:00'),
(3, 'القاهرة', 2, '2020-07-01 19:00:09', '2020-07-01 19:00:09'),
(4, 'مكة', 1, '2020-08-11 13:41:55', '2020-08-11 13:41:55'),
(5, 'دبي', 3, '2020-08-11 13:42:33', '2020-08-11 13:42:33');

-- --------------------------------------------------------

--
-- Table structure for table `countries`
--

CREATE TABLE `countries` (
  `id` int(10) UNSIGNED NOT NULL,
  `name` varchar(255) COLLATE utf8mb4_unicode_ci NOT NULL,
  `created_at` timestamp NULL DEFAULT NULL,
  `updated_at` timestamp NULL DEFAULT NULL
) ENGINE=InnoDB DEFAULT CHARSET=utf8mb4 COLLATE=utf8mb4_unicode_ci;

--
-- Dumping data for table `countries`
--

INSERT INTO `countries` (`id`, `name`, `created_at`, `updated_at`) VALUES
(1, 'السعودية', '2020-06-18 22:00:00', '2020-06-18 22:00:00'),
(2, 'مصر', '2020-07-01 18:55:04', '2020-07-01 18:56:01'),
(3, 'الامارات', '2020-08-11 13:41:30', '2020-08-11 13:41:30'),
(4, 'الكويت', '2020-08-11 13:42:15', '2020-08-11 13:42:15');

-- --------------------------------------------------------

--
-- Table structure for table `educationDegrees`
--

CREATE TABLE `educationDegrees` (
  `id` int(10) UNSIGNED NOT NULL,
  `name` varchar(255) COLLATE utf8mb4_unicode_ci NOT NULL,
  `created_at` timestamp NULL DEFAULT NULL,
  `updated_at` timestamp NULL DEFAULT NULL
) ENGINE=InnoDB DEFAULT CHARSET=utf8mb4 COLLATE=utf8mb4_unicode_ci;

--
-- Dumping data for table `educationDegrees`
--

INSERT INTO `educationDegrees` (`id`, `name`, `created_at`, `updated_at`) VALUES
(1, 'ماجستير', '2020-06-18 22:00:00', '2020-06-18 22:00:00'),
(2, 'دكتوراه', '2020-06-18 22:00:00', '2020-06-18 22:00:00'),
(4, 'بكالوريوس', '2020-07-02 12:28:41', '2020-07-02 12:28:41'),
(5, 'ليسانس', '2020-07-02 12:32:46', '2020-07-02 12:32:46');

-- --------------------------------------------------------

--
-- Table structure for table `likes`
--

CREATE TABLE `likes` (
  `id` int(10) UNSIGNED NOT NULL,
  `ref_id` int(11) NOT NULL,
  `type` tinyint(4) NOT NULL,
  `user_id` int(10) UNSIGNED NOT NULL,
  `created_at` timestamp NULL DEFAULT NULL,
  `updated_at` timestamp NULL DEFAULT NULL
) ENGINE=InnoDB DEFAULT CHARSET=utf8mb4 COLLATE=utf8mb4_unicode_ci;

--
-- Dumping data for table `likes`
--

INSERT INTO `likes` (`id`, `ref_id`, `type`, `user_id`, `created_at`, `updated_at`) VALUES
(1, 1, 1, 2, '2020-06-27 11:16:04', '2020-06-27 11:16:04'),
(4, 2, 2, 2, '2020-06-29 19:02:57', '2020-06-29 19:02:57'),
(22, 3, 2, 11, '2020-07-16 03:30:04', '2020-07-16 03:30:04'),
(23, 6, 2, 11, '2020-07-16 03:43:06', '2020-07-16 03:43:06'),
(48, 1, 1, 11, '2020-07-20 01:30:51', '2020-07-20 01:30:51'),
(60, 2, 1, 11, '2020-07-22 19:29:56', '2020-07-22 19:29:56'),
(61, 16, 2, 11, '2020-07-23 05:19:38', '2020-07-23 05:19:38'),
(62, 15, 2, 11, '2020-07-23 05:19:40', '2020-07-23 05:19:40'),
(66, 13, 2, 11, '2020-07-23 05:25:15', '2020-07-23 05:25:15'),
(67, 4, 1, 11, '2020-07-25 02:35:21', '2020-07-25 02:35:21'),
(72, 9, 1, 11, '2020-07-25 03:17:53', '2020-07-25 03:17:53'),
(73, 8, 1, 11, '2020-07-25 03:17:56', '2020-07-25 03:17:56'),
(78, 10, 1, 11, '2020-07-25 03:24:12', '2020-07-25 03:24:12'),
(79, 13, 1, 11, '2020-07-26 08:08:19', '2020-07-26 08:08:19'),
(81, 11, 1, 11, '2020-07-26 08:08:23', '2020-07-26 08:08:23'),
(82, 5, 1, 11, '2020-07-26 08:08:24', '2020-07-26 08:08:24'),
(83, 15, 1, 11, '2020-07-27 07:52:31', '2020-07-27 07:52:31'),
(84, 14, 1, 11, '2020-07-27 10:27:07', '2020-07-27 10:27:07'),
(85, 16, 1, 14, '2020-07-27 11:46:12', '2020-07-27 11:46:12'),
(86, 16, 1, 11, '2020-07-29 14:21:37', '2020-07-29 14:21:37'),
(87, 3, 1, 11, '2020-07-29 15:19:16', '2020-07-29 15:19:16'),
(88, 15, 1, 14, '2020-08-03 19:40:22', '2020-08-03 19:40:22'),
(89, 14, 1, 14, '2020-08-03 19:40:23', '2020-08-03 19:40:23'),
(90, 16, 1, 2, '2020-08-09 22:36:20', '2020-08-09 22:36:20'),
(91, 16, 1, 16, '2020-08-10 17:44:57', '2020-08-10 17:44:57'),
(92, 28, 2, 16, '2020-08-10 17:45:10', '2020-08-10 17:45:10'),
(93, 13, 1, 16, '2020-08-10 17:45:14', '2020-08-10 17:45:14'),
(94, 17, 1, 17, '2020-08-12 05:21:49', '2020-08-12 05:21:49'),
(95, 32, 2, 17, '2020-08-12 06:29:32', '2020-08-12 06:29:32'),
(96, 32, 2, 18, '2020-08-12 06:33:45', '2020-08-12 06:33:45'),
(97, 33, 2, 18, '2020-08-12 06:37:42', '2020-08-12 06:37:42');

-- --------------------------------------------------------

--
-- Table structure for table `medias`
--

CREATE TABLE `medias` (
  `id` int(10) UNSIGNED NOT NULL,
  `message_id` int(10) UNSIGNED NOT NULL,
  `media_file` varchar(255) COLLATE utf8mb4_unicode_ci NOT NULL,
  `extension` varchar(255) COLLATE utf8mb4_unicode_ci DEFAULT NULL,
  `type` varchar(255) COLLATE utf8mb4_unicode_ci NOT NULL,
  `created_at` timestamp NULL DEFAULT NULL,
  `updated_at` timestamp NULL DEFAULT NULL
) ENGINE=InnoDB DEFAULT CHARSET=utf8mb4 COLLATE=utf8mb4_unicode_ci;

--
-- Dumping data for table `medias`
--

INSERT INTO `medias` (`id`, `message_id`, `media_file`, `extension`, `type`, `created_at`, `updated_at`) VALUES
(1, 14, '/uploads/medias/0bdf32bf463c0a0ca26920200711202940.jpg', 'jpg', 'photo', '2020-07-11 18:29:40', '2020-07-11 18:29:40'),
(2, 83, '{\"lat\":30.0549721,\"lng\":31.3314346}', NULL, 'map', '2020-08-08 21:52:22', '2020-08-08 21:52:22'),
(3, 85, 'https://m3lomhapp.com//uploads/1596934726pX3rgb9Zrr.aac', NULL, 'record', '2020-08-08 21:58:47', '2020-08-08 21:58:47'),
(4, 87, 'https://m3lomhapp.com//uploads/1596936115ghdtwXgoQB.aac', NULL, 'record', '2020-08-08 22:21:56', '2020-08-08 22:21:56'),
(5, 88, 'https://m3lomhapp.com//uploads/1596936163HRU4EM2MeZ.aac', NULL, 'record', '2020-08-08 22:22:44', '2020-08-08 22:22:44'),
(6, 89, 'https://m3lomhapp.com//uploads/1596936306k2E7qhVjnZ.jpeg', NULL, 'photo', '2020-08-08 22:25:06', '2020-08-08 22:25:06'),
(7, 90, 'https://m3lomhapp.com//uploads/1596936344a9XtaIM9XW.jpeg', NULL, 'photo', '2020-08-08 22:25:45', '2020-08-08 22:25:45'),
(8, 91, 'https://m3lomhapp.com//uploads/1596936361Qs5kIzpypQ.jpeg', NULL, 'photo', '2020-08-08 22:26:01', '2020-08-08 22:26:01'),
(9, 92, '{\"lat\":30.0549807,\"lng\":31.3314278}', NULL, 'map', '2020-08-08 22:30:58', '2020-08-08 22:30:58'),
(10, 93, '{\"lat\":30.0549807,\"lng\":31.3314278}', NULL, 'map', '2020-08-08 22:31:22', '2020-08-08 22:31:22'),
(11, 95, '/uploads/1596989324WgLsdqCMcB.jpeg', NULL, 'photo', '2020-08-09 13:08:55', '2020-08-09 13:08:55'),
(12, 96, '/uploads/1596989324WgLsdqCMcB.jpeg', NULL, 'photo', '2020-08-09 13:16:22', '2020-08-09 13:16:22'),
(13, 97, '/uploads/1596989324WgLsdqCMcB.jpeg', NULL, 'photo', '2020-08-09 13:22:57', '2020-08-09 13:22:57'),
(14, 98, 'https://m3lomhapp.com//uploads/1597009997NZupUNtnPG.aac', NULL, 'record', '2020-08-09 18:53:17', '2020-08-09 18:53:17'),
(15, 99, '{\"lat\":30.0549701,\"lng\":31.3314201}', NULL, 'map', '2020-08-09 18:53:31', '2020-08-09 18:53:31'),
(16, 100, 'https://m3lomhapp.com//uploads/1597010021g7oP6uXi8E.jpeg', NULL, 'photo', '2020-08-09 18:53:42', '2020-08-09 18:53:42'),
(17, 101, 'https://m3lomhapp.com//uploads/1597010285O4YEnNEZLC.jpeg', NULL, 'photo', '2020-08-09 18:58:06', '2020-08-09 18:58:06'),
(18, 102, 'https://m3lomhapp.com//uploads/1597011738BNXwPYXoBt.jpeg', NULL, 'photo', '2020-08-09 19:22:19', '2020-08-09 19:22:19'),
(19, 103, '{\"lat\":30.0540304,\"lng\":31.3312579}', NULL, 'map', '2020-08-09 19:22:56', '2020-08-09 19:22:56'),
(20, 104, '{\"lat\":30.0549737,\"lng\":31.3314298}', NULL, 'map', '2020-08-09 19:26:04', '2020-08-09 19:26:04'),
(21, 118, 'https://m3lomhapp.com//uploads/15970145064HpbBisBMD.jpeg', NULL, 'photo', '2020-08-09 20:08:27', '2020-08-09 20:08:27'),
(22, 119, 'https://m3lomhapp.com//uploads/1597014567tvgf8NeyrX.aac', NULL, 'record', '2020-08-09 20:09:28', '2020-08-09 20:09:28'),
(23, 120, '/uploads/1596989324WgLsdqCMcB.jpeg', NULL, 'photo', '2020-08-09 20:09:53', '2020-08-09 20:09:53'),
(24, 121, 'https://m3lomhapp.com//uploads/1597015098jPMPE28v7Q.jpeg', NULL, 'photo', '2020-08-09 20:18:19', '2020-08-09 20:18:19'),
(25, 122, '{\"lat\":30.0549718,\"lng\":31.3314036}', NULL, 'map', '2020-08-09 20:18:36', '2020-08-09 20:18:36'),
(26, 123, 'https://m3lomhapp.com//uploads/1597015198XbO8DaaQSM.aac', NULL, 'record', '2020-08-09 20:19:58', '2020-08-09 20:19:58'),
(27, 128, 'https://m3lomhapp.com//uploads/159701666383zegNGzL8.aac', NULL, 'record', '2020-08-09 20:44:24', '2020-08-09 20:44:24'),
(28, 129, 'https://m3lomhapp.com//uploads/1597016731nd4x57FPFK.', NULL, 'file', '2020-08-09 20:45:32', '2020-08-09 20:45:32'),
(29, 130, 'https://m3lomhapp.com//uploads/1597016772S6gGLH2XlA.doc', NULL, 'file', '2020-08-09 20:46:13', '2020-08-09 20:46:13'),
(30, 131, '{\"lat\":30.0549755,\"lng\":31.3314242}', NULL, 'map', '2020-08-09 20:50:08', '2020-08-09 20:50:08'),
(31, 148, 'https://m3lomhapp.com//uploads/1597220915vYYRLmPq8m.aac', NULL, 'record', '2020-08-12 05:28:37', '2020-08-12 05:28:37'),
(32, 149, 'https://m3lomhapp.com//uploads/1597220947FZEptsGavk.jpeg', NULL, 'photo', '2020-08-12 05:29:08', '2020-08-12 05:29:08'),
(33, 150, '{\"lat\":21.47527029999999,\"lng\":39.2445503}', NULL, 'map', '2020-08-12 05:56:38', '2020-08-12 05:56:38'),
(34, 151, 'https://m3lomhapp.com//uploads/1597222771somdEBMR3a.pdf', NULL, 'file', '2020-08-12 05:59:32', '2020-08-12 05:59:32'),
(35, 154, 'https://m3lomhapp.com//uploads/1597224250CrUgjYKf9z.jpeg', NULL, 'photo', '2020-08-12 06:24:13', '2020-08-12 06:24:13');

-- --------------------------------------------------------

--
-- Table structure for table `messages`
--

CREATE TABLE `messages` (
  `id` int(10) UNSIGNED NOT NULL,
  `message` text COLLATE utf8mb4_unicode_ci,
  `sender_id` int(10) UNSIGNED NOT NULL,
  `receiver_id` int(10) UNSIGNED NOT NULL,
  `reply_id` int(11) DEFAULT NULL,
  `seen` tinyint(1) NOT NULL DEFAULT '0',
  `created_at` timestamp NULL DEFAULT NULL,
  `updated_at` timestamp NULL DEFAULT NULL
) ENGINE=InnoDB DEFAULT CHARSET=utf8mb4 COLLATE=utf8mb4_unicode_ci;

--
-- Dumping data for table `messages`
--

INSERT INTO `messages` (`id`, `message`, `sender_id`, `receiver_id`, `reply_id`, `seen`, `created_at`, `updated_at`) VALUES
(4, 'السلام عليكم ', 3, 2, NULL, 1, '2020-06-25 23:05:00', '2020-06-26 11:39:31'),
(5, 'وعليكم السلام  ', 2, 3, NULL, 0, '2020-06-25 23:06:00', '2020-06-25 22:00:00'),
(6, 'بمناسبه سؤالك ..', 3, 2, NULL, 1, '2020-06-25 23:07:00', '2020-06-26 11:39:31'),
(7, 'السلام عليكم', 2, 3, NULL, 0, '2020-06-27 10:50:56', '2020-06-27 10:50:56'),
(8, 'السلام عليكم', 2, 3, NULL, 0, '2020-06-27 10:53:41', '2020-06-27 10:53:41'),
(9, 'sdsd', 11, 2, NULL, 1, '2020-07-30 11:39:03', '2020-08-08 10:31:55'),
(10, 'هلا', 14, 11, NULL, 1, '2020-07-30 11:46:00', '2020-07-31 08:39:27'),
(11, 'هلا بيك صديقي', 14, 11, NULL, 1, '2020-07-30 11:47:54', '2020-07-31 08:39:27'),
(12, 'سيس', 14, 11, NULL, 1, '2020-07-30 11:48:04', '2020-07-31 08:39:27'),
(13, 'as', 14, 11, NULL, 1, '2020-07-30 11:52:47', '2020-07-31 08:39:27'),
(14, 'هلا', 11, 2, NULL, 1, '2020-07-30 12:09:24', '2020-08-08 10:31:55'),
(15, 'sd', 14, 11, NULL, 1, '2020-07-30 12:11:18', '2020-07-31 08:39:27'),
(16, 'sdds', 14, 11, NULL, 1, '2020-07-30 12:13:43', '2020-07-31 08:39:27'),
(17, 'sd', 14, 11, NULL, 1, '2020-07-30 12:14:30', '2020-07-31 08:39:27'),
(18, 'dds', 14, 11, NULL, 1, '2020-07-30 12:15:26', '2020-07-31 08:39:27'),
(19, 'sddsd', 14, 11, NULL, 1, '2020-07-30 12:21:00', '2020-07-31 08:39:27'),
(20, 'sdd', 14, 11, NULL, 1, '2020-07-30 12:22:43', '2020-07-31 08:39:27'),
(21, 'dssd', 14, 11, NULL, 1, '2020-07-30 12:29:26', '2020-07-31 08:39:27'),
(22, 'dssd', 14, 11, NULL, 1, '2020-07-30 12:29:27', '2020-07-31 08:39:27'),
(23, 'dsd', 14, 11, NULL, 1, '2020-07-30 12:30:09', '2020-07-31 08:39:27'),
(24, 'sdsdsd', 14, 11, NULL, 1, '2020-07-30 12:39:10', '2020-07-31 08:39:27'),
(25, 'sdsds', 14, 11, NULL, 1, '2020-07-30 12:39:16', '2020-07-31 08:39:27'),
(26, 'sdsdds', 14, 11, NULL, 1, '2020-07-30 12:48:41', '2020-07-31 08:39:27'),
(27, 'asa', 14, 11, NULL, 1, '2020-07-30 12:49:00', '2020-07-31 08:39:27'),
(28, 'sdsdd', 14, 11, NULL, 1, '2020-07-31 08:14:40', '2020-07-31 08:39:27'),
(29, 'sdsds', 14, 11, NULL, 1, '2020-07-31 08:15:22', '2020-07-31 08:39:27'),
(30, 'sdsdsd', 14, 11, NULL, 1, '2020-07-31 08:18:01', '2020-07-31 08:39:27'),
(31, 'sddds', 14, 11, NULL, 1, '2020-07-31 08:18:19', '2020-07-31 08:39:27'),
(32, 'sdsdsd', 11, 2, NULL, 1, '2020-08-03 17:53:30', '2020-08-08 10:31:55'),
(33, 'sddsdsdd', 11, 14, NULL, 1, '2020-08-03 18:28:14', '2020-08-05 19:38:55'),
(34, 'sdsdsd', 11, 14, NULL, 1, '2020-08-03 18:28:29', '2020-08-05 19:38:55'),
(35, 'sdsdsd', 11, 14, NULL, 1, '2020-08-03 19:07:00', '2020-08-05 19:38:55'),
(36, 'sdsdds', 11, 14, NULL, 1, '2020-08-03 19:07:32', '2020-08-05 19:38:55'),
(37, 'sdsdds', 11, 14, NULL, 1, '2020-08-03 19:07:44', '2020-08-05 19:38:55'),
(38, 'sddd', 11, 14, NULL, 1, '2020-08-03 19:08:20', '2020-08-05 19:38:55'),
(39, 'sdsdds', 11, 14, NULL, 1, '2020-08-03 19:08:24', '2020-08-05 19:38:55'),
(40, 'sdsd', 11, 14, NULL, 1, '2020-08-03 19:08:27', '2020-08-05 19:38:55'),
(41, 'sdsd', 11, 14, NULL, 1, '2020-08-03 19:08:50', '2020-08-05 19:38:55'),
(42, 'zzz', 11, 14, NULL, 1, '2020-08-03 19:12:22', '2020-08-05 19:38:55'),
(43, 'zzz', 11, 14, NULL, 1, '2020-08-03 19:12:30', '2020-08-05 19:38:55'),
(44, 'dsdsd', 11, 14, NULL, 1, '2020-08-03 19:13:50', '2020-08-05 19:38:55'),
(45, 'sddsd', 14, 11, NULL, 1, '2020-08-03 19:29:11', '2020-08-03 19:34:45'),
(46, 'sdsds', 14, 11, NULL, 1, '2020-08-03 19:29:50', '2020-08-03 19:34:45'),
(47, 'dsdsd', 14, 11, NULL, 1, '2020-08-03 19:30:10', '2020-08-03 19:34:45'),
(48, 'asass', 14, 11, NULL, 1, '2020-08-03 19:32:26', '2020-08-03 19:34:45'),
(49, 'sas', 14, 11, NULL, 1, '2020-08-03 19:32:36', '2020-08-03 19:34:45'),
(50, 'يسيسي', 14, 11, NULL, 1, '2020-08-03 19:34:51', '2020-08-03 19:38:11'),
(51, 'هلا', 11, 14, NULL, 1, '2020-08-03 19:38:16', '2020-08-05 19:38:55'),
(52, 'مرحبا', 11, 14, NULL, 1, '2020-08-03 19:38:21', '2020-08-05 19:38:55'),
(53, 'كيف الحال', 11, 14, NULL, 1, '2020-08-03 19:38:49', '2020-08-05 19:38:55'),
(54, '.', 11, 14, NULL, 1, '2020-08-03 19:44:35', '2020-08-05 19:38:55'),
(55, NULL, 11, 14, NULL, 1, '2020-08-04 20:21:17', '2020-08-05 19:38:55'),
(56, NULL, 11, 14, NULL, 1, '2020-08-04 20:21:17', '2020-08-05 19:38:55'),
(57, NULL, 11, 14, NULL, 1, '2020-08-04 20:21:22', '2020-08-05 19:38:55'),
(58, NULL, 11, 14, NULL, 1, '2020-08-04 20:21:27', '2020-08-05 19:38:55'),
(59, 'sdsd', 11, 14, NULL, 1, '2020-08-04 20:22:27', '2020-08-05 19:38:55'),
(60, 'sd', 11, 14, NULL, 1, '2020-08-04 20:22:30', '2020-08-05 19:38:55'),
(61, 'ssdsd', 11, 14, NULL, 1, '2020-08-05 19:33:59', '2020-08-05 19:38:55'),
(62, 'ccfdf', 11, 14, NULL, 1, '2020-08-05 19:37:57', '2020-08-05 19:38:55'),
(63, 'dff', 11, 14, NULL, 1, '2020-08-05 19:37:59', '2020-08-05 19:38:55'),
(64, 'dfdffd', 11, 14, NULL, 1, '2020-08-05 19:38:01', '2020-08-05 19:38:55'),
(65, 'sdsdsd', 14, 11, NULL, 1, '2020-08-05 19:38:57', '2020-08-05 19:39:21'),
(66, 's', 14, 11, NULL, 1, '2020-08-05 19:39:23', '2020-08-06 05:13:08'),
(67, 'xcxxc', 14, 11, NULL, 1, '2020-08-05 19:39:30', '2020-08-06 05:13:08'),
(68, 'z', 14, 11, NULL, 1, '2020-08-05 19:39:34', '2020-08-06 05:13:08'),
(69, 'x', 14, 11, NULL, 1, '2020-08-05 19:39:38', '2020-08-06 05:13:08'),
(70, 'sdsds', 14, 11, NULL, 1, '2020-08-05 19:39:41', '2020-08-06 05:13:08'),
(71, 'sdsd', 14, 11, NULL, 1, '2020-08-05 19:39:44', '2020-08-06 05:13:08'),
(72, 'z', 14, 11, NULL, 1, '2020-08-05 19:39:47', '2020-08-06 05:13:08'),
(73, 'هلا', 11, 14, NULL, 1, '2020-08-06 05:13:13', '2020-08-07 11:07:15'),
(74, 'sdsd', 14, 11, NULL, 1, '2020-08-07 11:07:18', '2020-08-07 11:07:28'),
(75, 'sdsd', 14, 11, NULL, 1, '2020-08-07 11:07:32', '2020-08-07 14:33:07'),
(76, 'sdsd', 14, 11, NULL, 1, '2020-08-07 16:47:04', '2020-08-07 16:47:11'),
(77, 'هلا', 11, 14, NULL, 1, '2020-08-07 18:10:05', '2020-08-07 18:10:20'),
(78, '{\"lat\":30.0549736,\"lng\":31.3314203}', 11, 14, NULL, 1, '2020-08-07 18:19:09', '2020-08-07 18:22:25'),
(79, 'dfdf', 14, 11, NULL, 1, '2020-08-07 18:23:15', '2020-08-08 10:29:22'),
(80, 'sdsd', 14, 11, NULL, 1, '2020-08-07 18:24:12', '2020-08-08 10:29:22'),
(81, 'sdsd', 14, 11, NULL, 1, '2020-08-07 18:24:16', '2020-08-08 10:29:22'),
(82, 'dsd', 14, 11, NULL, 1, '2020-08-08 21:44:07', '2020-08-08 21:48:25'),
(83, NULL, 11, 14, NULL, 1, '2020-08-08 21:52:22', '2020-08-09 19:25:20'),
(84, 'sdds', 11, 14, NULL, 1, '2020-08-08 21:55:21', '2020-08-09 19:25:20'),
(85, NULL, 11, 14, NULL, 1, '2020-08-08 21:58:46', '2020-08-09 19:25:20'),
(86, 'sdds', 11, 14, NULL, 1, '2020-08-08 22:19:56', '2020-08-09 19:25:20'),
(87, NULL, 11, 14, NULL, 1, '2020-08-08 22:21:56', '2020-08-09 19:25:20'),
(88, NULL, 11, 14, NULL, 1, '2020-08-08 22:22:43', '2020-08-09 19:25:20'),
(89, NULL, 11, 14, NULL, 1, '2020-08-08 22:25:06', '2020-08-09 19:25:20'),
(90, NULL, 11, 14, NULL, 1, '2020-08-08 22:25:45', '2020-08-09 19:25:20'),
(91, NULL, 11, 14, NULL, 1, '2020-08-08 22:26:01', '2020-08-09 19:25:20'),
(92, NULL, 11, 14, NULL, 1, '2020-08-08 22:30:58', '2020-08-09 19:25:20'),
(93, NULL, 11, 14, NULL, 1, '2020-08-08 22:31:22', '2020-08-09 19:25:20'),
(94, NULL, 2, 14, NULL, 1, '2020-08-09 13:07:55', '2020-08-09 19:25:22'),
(95, NULL, 2, 14, NULL, 1, '2020-08-09 13:08:55', '2020-08-09 19:25:22'),
(96, 'السلام عليكم', 2, 14, NULL, 1, '2020-08-09 13:16:21', '2020-08-09 19:25:22'),
(97, 'السلام عليكم', 2, 14, NULL, 1, '2020-08-09 13:22:57', '2020-08-09 19:25:22'),
(98, NULL, 11, 14, NULL, 1, '2020-08-09 18:53:17', '2020-08-09 19:25:20'),
(99, NULL, 11, 14, NULL, 1, '2020-08-09 18:53:30', '2020-08-09 19:25:20'),
(100, NULL, 11, 14, NULL, 1, '2020-08-09 18:53:41', '2020-08-09 19:25:20'),
(101, NULL, 11, 14, NULL, 1, '2020-08-09 18:58:06', '2020-08-09 19:25:20'),
(102, NULL, 11, 14, NULL, 1, '2020-08-09 19:22:19', '2020-08-09 19:25:20'),
(103, NULL, 11, 14, NULL, 1, '2020-08-09 19:22:56', '2020-08-09 19:25:20'),
(104, NULL, 11, 14, NULL, 1, '2020-08-09 19:26:04', '2020-08-09 20:19:32'),
(105, 'lmpmm', 14, 11, NULL, 1, '2020-08-09 19:26:16', '2020-08-09 20:08:14'),
(106, 'lmpmm', 14, 11, NULL, 1, '2020-08-09 19:26:16', '2020-08-09 20:08:14'),
(107, 'lmpmm', 14, 11, NULL, 1, '2020-08-09 19:26:18', '2020-08-09 20:08:14'),
(108, 'lmpmm', 14, 11, NULL, 1, '2020-08-09 19:26:18', '2020-08-09 20:08:14'),
(109, 'lmpmm', 14, 11, NULL, 1, '2020-08-09 19:26:19', '2020-08-09 20:08:14'),
(110, 'lmpmm', 14, 11, NULL, 1, '2020-08-09 19:26:19', '2020-08-09 20:08:14'),
(111, 'lmpmm', 14, 11, NULL, 1, '2020-08-09 19:26:19', '2020-08-09 20:08:14'),
(112, 'lmpmm', 14, 11, NULL, 1, '2020-08-09 19:26:19', '2020-08-09 20:08:14'),
(113, 'lmpmm', 14, 11, NULL, 1, '2020-08-09 19:26:19', '2020-08-09 20:08:14'),
(114, 'lmpmm', 14, 11, NULL, 1, '2020-08-09 19:26:20', '2020-08-09 20:08:14'),
(115, 'hh', 11, 14, NULL, 1, '2020-08-09 19:26:32', '2020-08-09 20:19:32'),
(116, 'hh', 11, 14, NULL, 1, '2020-08-09 19:26:34', '2020-08-09 20:19:32'),
(117, 'تبوب', 11, 14, NULL, 1, '2020-08-09 20:08:19', '2020-08-09 20:19:32'),
(118, NULL, 11, 14, NULL, 1, '2020-08-09 20:08:27', '2020-08-09 20:19:32'),
(119, NULL, 11, 14, NULL, 1, '2020-08-09 20:09:27', '2020-08-09 20:19:32'),
(120, NULL, 2, 14, NULL, 1, '2020-08-09 20:09:53', '2020-08-09 20:38:09'),
(121, NULL, 11, 14, NULL, 1, '2020-08-09 20:18:19', '2020-08-09 20:19:32'),
(122, NULL, 11, 14, NULL, 1, '2020-08-09 20:18:35', '2020-08-09 20:19:32'),
(123, NULL, 11, 14, NULL, 1, '2020-08-09 20:19:58', '2020-08-09 20:20:04'),
(124, 'dsdsd', 14, 11, NULL, 1, '2020-08-09 20:38:00', '2020-08-09 20:41:09'),
(125, 'sdsdsd', 14, 11, NULL, 1, '2020-08-09 20:39:05', '2020-08-09 20:41:09'),
(126, 'sd', 14, 11, NULL, 1, '2020-08-09 20:39:10', '2020-08-09 20:41:09'),
(127, 'z', 14, 11, NULL, 1, '2020-08-09 20:39:14', '2020-08-09 20:41:09'),
(128, NULL, 11, 14, NULL, 1, '2020-08-09 20:44:24', '2020-08-09 20:46:46'),
(129, NULL, 11, 14, NULL, 1, '2020-08-09 20:45:32', '2020-08-09 20:46:46'),
(130, NULL, 11, 14, NULL, 1, '2020-08-09 20:46:13', '2020-08-09 20:46:46'),
(131, NULL, 11, 14, NULL, 0, '2020-08-09 20:50:08', '2020-08-09 20:50:08'),
(132, 'هلا', 11, 14, NULL, 0, '2020-08-09 20:50:25', '2020-08-09 20:50:25'),
(133, '.', 11, 14, NULL, 0, '2020-08-09 20:50:28', '2020-08-09 20:50:28'),
(134, 'وعليكم السلام', 2, 3, NULL, 0, '2020-08-09 22:32:52', '2020-08-09 22:32:52'),
(135, 'ليش ما بترد', 2, 3, NULL, 0, '2020-08-09 22:33:07', '2020-08-09 22:33:07'),
(136, 'الو', 2, 11, NULL, 1, '2020-08-09 22:34:01', '2020-08-13 15:10:57'),
(137, 'الو', 2, 11, NULL, 1, '2020-08-09 22:34:14', '2020-08-13 15:10:57'),
(138, 'ليش هيك', 2, 11, NULL, 1, '2020-08-09 22:34:46', '2020-08-13 15:10:57'),
(139, 'بحكي معك', 2, 3, NULL, 0, '2020-08-09 22:35:05', '2020-08-09 22:35:05'),
(140, 'ما بترد', 2, 3, NULL, 0, '2020-08-09 22:35:20', '2020-08-09 22:35:20'),
(141, 'بحكي', 2, 11, NULL, 1, '2020-08-09 22:35:32', '2020-08-13 15:10:57'),
(142, 'fj', 16, 11, NULL, 1, '2020-08-10 17:41:23', '2020-08-10 17:55:00'),
(143, 'vjh', 16, 11, NULL, 1, '2020-08-10 17:41:31', '2020-08-10 17:55:00'),
(144, 'بابت', 16, 11, NULL, 1, '2020-08-10 17:54:38', '2020-08-10 17:55:00'),
(145, 'هلا', 11, 16, NULL, 0, '2020-08-10 17:55:05', '2020-08-10 17:55:05'),
(146, '1', 11, 14, NULL, 0, '2020-08-10 18:21:24', '2020-08-10 18:21:24'),
(147, 'مرحبا عبد العزيز', 17, 18, NULL, 1, '2020-08-12 05:24:08', '2020-08-12 05:27:50'),
(148, NULL, 18, 17, NULL, 1, '2020-08-12 05:28:36', '2020-08-12 06:23:09'),
(149, NULL, 18, 17, NULL, 1, '2020-08-12 05:29:08', '2020-08-12 06:23:09'),
(150, NULL, 18, 17, NULL, 1, '2020-08-12 05:56:38', '2020-08-12 06:23:09'),
(151, NULL, 18, 17, NULL, 1, '2020-08-12 05:59:32', '2020-08-12 06:23:09'),
(152, 'اهلا وسهلا بك', 18, 17, NULL, 1, '2020-08-12 06:16:36', '2020-08-12 06:23:09'),
(153, 'اهلا ونرحبا بك وشكرا على الاهداء', 17, 18, NULL, 1, '2020-08-12 06:24:00', '2020-08-12 06:33:01'),
(154, NULL, 17, 18, NULL, 1, '2020-08-12 06:24:12', '2020-08-12 06:33:01'),
(155, '😍', 18, 17, NULL, 1, '2020-08-12 06:33:14', '2020-08-12 07:21:48'),
(156, 'مرحباً كيفك', 11, 18, NULL, 1, '2020-08-13 16:30:44', '2020-08-13 16:32:31'),
(157, 'سييس', 18, 11, NULL, 1, '2020-08-13 16:32:33', '2020-08-13 16:50:42'),
(158, 'xx', 18, 11, NULL, 1, '2020-08-13 16:35:18', '2020-08-13 16:50:42'),
(159, 'هلا بيك', 11, 18, NULL, 0, '2020-08-13 16:50:50', '2020-08-13 16:50:50'),
(160, 'dfdfdf', 11, 2, NULL, 0, '2020-09-28 18:35:19', '2020-09-28 18:35:19'),
(161, 'dfdf', 11, 2, NULL, 0, '2020-09-28 18:35:24', '2020-09-28 18:35:24'),
(162, NULL, 17, 11, NULL, 0, '2020-10-11 12:46:10', '2020-10-11 12:46:10');

-- --------------------------------------------------------

--
-- Table structure for table `migrations`
--

CREATE TABLE `migrations` (
  `id` int(10) UNSIGNED NOT NULL,
  `migration` varchar(255) COLLATE utf8mb4_unicode_ci NOT NULL,
  `batch` int(11) NOT NULL
) ENGINE=InnoDB DEFAULT CHARSET=utf8mb4 COLLATE=utf8mb4_unicode_ci;

--
-- Dumping data for table `migrations`
--

INSERT INTO `migrations` (`id`, `migration`, `batch`) VALUES
(1, '2014_10_12_100000_create_password_resets_table', 1),
(2, '2020_06_19_124633_create_countries_table', 1),
(3, '2020_06_19_124725_create_cities_table', 1),
(4, '2020_06_19_124953_create_education_degrees_table', 1),
(5, '2020_06_19_125044_create_category_table', 1),
(6, '2020_06_19_125445_create_users_table', 1),
(7, '2020_06_19_131211_create_mobile_data_table', 1),
(8, '2020_06_19_131933_create_user_categories_table', 1),
(9, '2020_06_19_132314_create_questions_table', 1),
(10, '2020_06_19_132821_create_question_cities_table', 1),
(11, '2020_06_19_133553_create_question_answers_table', 1),
(12, '2020_06_19_133859_create_replies_table', 1),
(13, '2020_06_19_134109_create_likes_table', 1),
(14, '2020_06_19_134414_create_saves_table', 1),
(15, '2020_06_19_134751_create_messages_table', 1),
(16, '2020_06_19_135132_create_settings_table', 1),
(17, '2020_06_27_123104_create_notifications_table', 2),
(18, '2020_06_28_124404_create_reports_table', 3);

-- --------------------------------------------------------

--
-- Table structure for table `mobile_datas`
--

CREATE TABLE `mobile_datas` (
  `id` int(10) UNSIGNED NOT NULL,
  `mobile_mac` varchar(255) COLLATE utf8mb4_unicode_ci NOT NULL,
  `mobile_token` varchar(255) COLLATE utf8mb4_unicode_ci NOT NULL,
  `user_id` int(10) UNSIGNED DEFAULT NULL,
  `created_at` timestamp NULL DEFAULT NULL,
  `updated_at` timestamp NULL DEFAULT NULL
) ENGINE=InnoDB DEFAULT CHARSET=utf8mb4 COLLATE=utf8mb4_unicode_ci;

--
-- Dumping data for table `mobile_datas`
--

INSERT INTO `mobile_datas` (`id`, `mobile_mac`, `mobile_token`, `user_id`, `created_at`, `updated_at`) VALUES
(1, 'jhfghhjjhhjghjhgghhghj', 'hgghjkjkghjgyhjujkjukjhhj', 2, '2020-06-19 17:23:37', '2020-06-19 17:23:37'),
(2, 'sdsdsdsdsdsd', 'dsdsdsddsdsdsds', 3, '2020-06-19 17:50:44', '2020-06-28 22:04:36'),
(3, 'c3b1b472cdc6e1bc', 'fHHgMrfeG20:APA91bFc96bxaswOUODU4AWUjQHzq3ZzfU-dMrVgwN1SNmEg-1XVIiFhWzphqHAG3EzVvgsUHSpfWzS_RllPPKoJVZeeMKCNnfBEWBAGIz9Llw53624J_SvOyTuEcr9JcVcPxfXiWwi0', 11, '2020-07-27 10:26:56', '2020-08-10 17:54:57'),
(4, '686ea16303197a57', 'evKWAa38vBY:APA91bFR_p9gvWpxUF4c6oqgsztWhomzo2wkIklCYbxZR52HiKuhLY1AYu4vL9wrVMCeF31_CN8cyJ1pvrEwVBO1urqY3kYn6137ZwiLBxwefx_VQTqqrLZGS8BujP1qTQ2Z2cRP70Dy', 17, '2020-08-13 16:44:10', '2020-08-13 16:56:36'),
(5, 'CA0E42A4-3A95-4B56-B2CE-8C18B7E5CD67', 'd3sFhCRWgE7rsplMEotStk:APA91bHC81lAGqNXfTEL7Z_zhbIAMfndUyhDo9jHlrUCvb6759IOZqmCs_376aPSvjnYFcr5-2a-wlZbhCF88-MuFDrnLY19Vj_Cqbw2YYHoobHJNyM_dW9tmq_LHRL-HRKY22LoRNd7', 11, '2020-09-28 18:35:11', '2020-09-28 18:35:11'),
(6, '8EF1BAA6-4AD8-4DEE-B7AF-0BCFC479FD71', 'fWrEo3jdS0JVqsJOs-wZj_:APA91bGdKXxVmdxS4MxaQzR3Dt2MiezUba0E9Mgxs_3njRo5pcnN1fQ39rpSjn0OpBbjfGQ-Sk4LKb2YKru6pi0Og1TtvuOCZk-0lHG7fvlgeOw8cmi05buEn5zS4Pi-gJlJ-GeIaM0z', 18, '2020-10-04 09:33:58', '2020-10-27 16:27:36'),
(7, 'F785CAAB-0AC4-4EE1-9D58-10E1E6E657D1', 'cl_ytJ1E9UsKvB7eL9AkVY:APA91bHKKUL3--PbnCYJ9MQFZXHU2UFbKmjgZYtmPFr6bePEbjPY6ZMfUc8O09ifIu6vOrwHjQ9K8o5L7K185WHasS0O3Ired6IEfe0tuKb52ELZW9UHwmSNZMWWr-3Q9hDhsq0dKcNr', 11, '2020-10-07 19:05:28', '2020-10-07 19:05:28'),
(8, '376C709F-2252-4083-9B9F-A5132F2FF029', 'null', 11, '2020-10-17 08:28:56', '2020-10-17 08:28:56'),
(9, '9588C38C-0734-432E-9075-CD944941F93B', 'eSkj-96zk0e5mV0NSPLP5O:APA91bHS984el9VHYEUxNOT1zYeCM5JI04ZSTu_FicWHExE2_Fs3eyLjjfATKFhKedjnyPXgNjZcddtet_YFRHsykqr6MTWBDYClsc__CAri7oZDRv6TPgZsIzLQ9AaGp6WwiysUDBnj', 25, '2020-10-21 02:35:13', '2020-10-21 02:35:13'),
(10, 'BD4A41AE-0FA8-4239-8BFE-1631E9764ED9', 'eisYUf_gmUVfmrq6SaqJoZ:APA91bEMeNgMFrqaJV6KvFsGVqTJ_g4C6j48ut9iBKLj573256NlJ1ckhrqX0AgpGesNevsrFMFsmUHh2sRQS9RH_7BgUdaZZ-5egS32GbDz-QdCJcMvnouSnay9u8lCgtBnQ0g3iQdx', 26, '2020-10-25 15:08:26', '2020-10-25 15:08:26'),
(11, 'b6b54cdf53ce9d2a', 'd0EfgXyBkkc:APA91bEQD6HqSptp0_8nruLOyJLmTbRvnEwf9ITNFToRM1o6xCGjgUo4N7MZ3Ch_GPkc-G5MTc1GEcX_tF3TEgySuFCAQcV0cNJa0DDVUk2445Ij08o2mPAeV1TPtuAmkc9fyxcCdOU6', 28, '2020-10-28 06:33:31', '2020-10-28 06:33:31');

-- --------------------------------------------------------

--
-- Table structure for table `notifications`
--

CREATE TABLE `notifications` (
  `unique_id` int(11) NOT NULL,
  `id` char(36) COLLATE utf8mb4_unicode_ci NOT NULL,
  `type` varchar(255) COLLATE utf8mb4_unicode_ci NOT NULL,
  `notifiable_type` varchar(255) COLLATE utf8mb4_unicode_ci NOT NULL,
  `notifiable_id` bigint(20) UNSIGNED NOT NULL,
  `data` text COLLATE utf8mb4_unicode_ci NOT NULL,
  `read_at` timestamp NULL DEFAULT NULL,
  `created_at` timestamp NULL DEFAULT NULL,
  `updated_at` timestamp NULL DEFAULT NULL
) ENGINE=InnoDB DEFAULT CHARSET=utf8mb4 COLLATE=utf8mb4_unicode_ci;

--
-- Dumping data for table `notifications`
--

INSERT INTO `notifications` (`unique_id`, `id`, `type`, `notifiable_type`, `notifiable_id`, `data`, `read_at`, `created_at`, `updated_at`) VALUES
(1, '52723e27-c906-438e-8689-3435bb3dcd18', 'App\\Notifications\\likeAnswer', 'App\\User', 2, '{\"message\":\"\\u0642\\u0627\\u0645 \\u0627\\u0644\\u0639\\u0636\\u0648 somaya hegab \\u0628\\u0627\\u0644\\u0627\\u0639\\u062c\\u0627\\u0628 \\u0628\\u0627\\u062c\\u0627\\u0628\\u062a\\u0643\",\"answer_id\":2}', '2020-06-30 12:45:43', '2020-06-29 19:02:57', '2020-06-30 12:45:43'),
(2, '35a96764-4e65-416a-b12f-c0b0b6431d5b', 'App\\Notifications\\answerQuestion', 'App\\User', 2, '{\"message\":\"\\u0642\\u0627\\u0645 \\u0627\\u0644\\u0639\\u0636\\u0648 somaya hegab \\u0628\\u0627\\u0644\\u0627\\u062c\\u0627\\u0628\\u0647 \\u0639\\u0644\\u0649 \\u0633\\u0624\\u0627\\u0644\\u0643\",\"question_id\":1}', '2020-06-30 12:45:43', '2020-06-30 11:51:19', '2020-06-30 12:45:43'),
(3, 'a5a0e0d2-b090-426e-b6c3-aad721cf1126', 'App\\Notifications\\likeQuestion', 'App\\User', 2, '{\"message\":\"\\u0642\\u0627\\u0645 \\u0627\\u0644\\u0639\\u0636\\u0648 \\u0645\\u062d\\u0645\\u062f \\u0627\\u0644\\u0633\\u0627\\u062f\\u0627\\u062a \\u0628\\u0627\\u0644\\u0627\\u0639\\u062c\\u0627\\u0628 \\u0628\\u0633\\u0624\\u0627\\u0644\\u0643\",\"question_id\":3}', '2020-08-09 22:35:48', '2020-07-12 19:27:31', '2020-08-09 22:35:48'),
(4, 'c3282f09-0a7e-4b86-8a81-33c9faf93e35', 'App\\Notifications\\likeQuestion', 'App\\User', 2, '{\"message\":\"\\u0642\\u0627\\u0645 \\u0627\\u0644\\u0639\\u0636\\u0648 \\u0645\\u062d\\u0645\\u062f \\u0627\\u0644\\u0633\\u0627\\u062f\\u0627\\u062a \\u0628\\u0627\\u0644\\u0627\\u0639\\u062c\\u0627\\u0628 \\u0628\\u0633\\u0624\\u0627\\u0644\\u0643\",\"question_id\":2}', '2020-08-09 22:35:48', '2020-07-12 19:31:48', '2020-08-09 22:35:48'),
(5, 'a812b2f2-68d8-4e88-b877-002689718c1d', 'App\\Notifications\\likeQuestion', 'App\\User', 2, '{\"message\":\"\\u0642\\u0627\\u0645 \\u0627\\u0644\\u0639\\u0636\\u0648 \\u0645\\u062d\\u0645\\u062f \\u0627\\u0644\\u0633\\u0627\\u062f\\u0627\\u062a \\u0628\\u0627\\u0644\\u0627\\u0639\\u062c\\u0627\\u0628 \\u0628\\u0633\\u0624\\u0627\\u0644\\u0643\",\"question_id\":3}', '2020-08-09 22:35:48', '2020-07-12 20:24:26', '2020-08-09 22:35:48'),
(6, '1147627f-8853-4252-8e54-3ce0c06ba3bf', 'App\\Notifications\\likeQuestion', 'App\\User', 2, '{\"message\":\"\\u0642\\u0627\\u0645 \\u0627\\u0644\\u0639\\u0636\\u0648 \\u0645\\u062d\\u0645\\u062f \\u0627\\u0644\\u0633\\u0627\\u062f\\u0627\\u062a \\u0628\\u0627\\u0644\\u0627\\u0639\\u062c\\u0627\\u0628 \\u0628\\u0633\\u0624\\u0627\\u0644\\u0643\",\"question_id\":3}', '2020-08-09 22:35:48', '2020-07-12 20:27:56', '2020-08-09 22:35:48'),
(7, 'cc4a2317-60ca-4e2f-9856-943733e42768', 'App\\Notifications\\likeAnswer', 'App\\User', 2, '{\"message\":\"\\u0642\\u0627\\u0645 \\u0627\\u0644\\u0639\\u0636\\u0648 \\u0645\\u062d\\u0645\\u062f \\u0627\\u0644\\u0633\\u0627\\u062f\\u0627\\u062a \\u0628\\u0627\\u0644\\u0627\\u0639\\u062c\\u0627\\u0628 \\u0628\\u0627\\u062c\\u0627\\u0628\\u062a\\u0643\",\"answer_id\":3}', '2020-08-09 22:35:48', '2020-07-16 03:29:50', '2020-08-09 22:35:48'),
(8, '80e1c23d-e597-43d5-a014-0c5536a520d2', 'App\\Notifications\\likeAnswer', 'App\\User', 2, '{\"message\":\"\\u0642\\u0627\\u0645 \\u0627\\u0644\\u0639\\u0636\\u0648 \\u0645\\u062d\\u0645\\u062f \\u0627\\u0644\\u0633\\u0627\\u062f\\u0627\\u062a \\u0628\\u0627\\u0644\\u0627\\u0639\\u062c\\u0627\\u0628 \\u0628\\u0627\\u062c\\u0627\\u0628\\u062a\\u0643\",\"answer_id\":3}', '2020-08-09 22:35:48', '2020-07-16 03:30:03', '2020-08-09 22:35:48'),
(9, '71a476bf-44de-403d-b66a-5d7540eebd77', 'App\\Notifications\\likeAnswer', 'App\\User', 2, '{\"message\":\"\\u0642\\u0627\\u0645 \\u0627\\u0644\\u0639\\u0636\\u0648 \\u0645\\u062d\\u0645\\u062f \\u0627\\u0644\\u0633\\u0627\\u062f\\u0627\\u062a \\u0628\\u0627\\u0644\\u0627\\u0639\\u062c\\u0627\\u0628 \\u0628\\u0627\\u062c\\u0627\\u0628\\u062a\\u0643\",\"answer_id\":3}', '2020-08-09 22:35:48', '2020-07-16 03:30:05', '2020-08-09 22:35:48'),
(10, '01f6bc9d-cdf9-41a5-8ff6-86b950e8bfa8', 'App\\Notifications\\likeAnswer', 'App\\User', 2, '{\"message\":\"\\u0642\\u0627\\u0645 \\u0627\\u0644\\u0639\\u0636\\u0648 \\u0645\\u062d\\u0645\\u062f \\u0627\\u0644\\u0633\\u0627\\u062f\\u0627\\u062a \\u0628\\u0627\\u0644\\u0627\\u0639\\u062c\\u0627\\u0628 \\u0628\\u0627\\u062c\\u0627\\u0628\\u062a\\u0643\",\"answer_id\":6}', '2020-08-09 22:35:48', '2020-07-16 03:43:06', '2020-08-09 22:35:48'),
(11, '516fd69a-43c7-40df-9d32-bd5c845e6d6a', 'App\\Notifications\\likeQuestion', 'App\\User', 2, '{\"message\":\"\\u0642\\u0627\\u0645 \\u0627\\u0644\\u0639\\u0636\\u0648 \\u0645\\u062d\\u0645\\u062f \\u0627\\u0644\\u0633\\u0627\\u062f\\u0627\\u062a \\u0628\\u0627\\u0644\\u0627\\u0639\\u062c\\u0627\\u0628 \\u0628\\u0633\\u0624\\u0627\\u0644\\u0643\",\"question_id\":3}', '2020-08-09 22:35:48', '2020-07-19 20:13:30', '2020-08-09 22:35:48'),
(12, '54d04300-97b0-4848-adcf-c1a46265e007', 'App\\Notifications\\likeQuestion', 'App\\User', 2, '{\"message\":\"\\u0642\\u0627\\u0645 \\u0627\\u0644\\u0639\\u0636\\u0648 \\u0645\\u062d\\u0645\\u062f \\u0627\\u0644\\u0633\\u0627\\u062f\\u0627\\u062a \\u0628\\u0627\\u0644\\u0627\\u0639\\u062c\\u0627\\u0628 \\u0628\\u0633\\u0624\\u0627\\u0644\\u0643\",\"question_id\":3}', '2020-08-09 22:35:48', '2020-07-19 20:50:56', '2020-08-09 22:35:48'),
(13, 'df4af377-7004-44af-854c-be9eb86f3ace', 'App\\Notifications\\likeQuestion', 'App\\User', 2, '{\"message\":\"\\u0642\\u0627\\u0645 \\u0627\\u0644\\u0639\\u0636\\u0648 \\u0645\\u062d\\u0645\\u062f \\u0627\\u0644\\u0633\\u0627\\u062f\\u0627\\u062a \\u0628\\u0627\\u0644\\u0627\\u0639\\u062c\\u0627\\u0628 \\u0628\\u0633\\u0624\\u0627\\u0644\\u0643\",\"question_id\":2}', '2020-08-09 22:35:48', '2020-07-19 20:51:38', '2020-08-09 22:35:48'),
(14, 'f9c672d5-f084-40a3-bee4-8a1b9fd5dfbc', 'App\\Notifications\\likeQuestion', 'App\\User', 2, '{\"message\":\"\\u0642\\u0627\\u0645 \\u0627\\u0644\\u0639\\u0636\\u0648 \\u0645\\u062d\\u0645\\u062f \\u0627\\u0644\\u0633\\u0627\\u062f\\u0627\\u062a \\u0628\\u0627\\u0644\\u0627\\u0639\\u062c\\u0627\\u0628 \\u0628\\u0633\\u0624\\u0627\\u0644\\u0643\",\"question_id\":3}', '2020-08-09 22:35:48', '2020-07-19 20:53:56', '2020-08-09 22:35:48'),
(15, '996d4a14-6f60-4ca6-9bf8-1a041b5ca52e', 'App\\Notifications\\likeQuestion', 'App\\User', 2, '{\"message\":\"\\u0642\\u0627\\u0645 \\u0627\\u0644\\u0639\\u0636\\u0648 \\u0645\\u062d\\u0645\\u062f \\u0627\\u0644\\u0633\\u0627\\u062f\\u0627\\u062a \\u0628\\u0627\\u0644\\u0627\\u0639\\u062c\\u0627\\u0628 \\u0628\\u0633\\u0624\\u0627\\u0644\\u0643\",\"question_id\":2}', '2020-08-09 22:35:48', '2020-07-19 20:54:26', '2020-08-09 22:35:48'),
(16, '99389905-a731-4abc-a460-a9caa0261239', 'App\\Notifications\\likeQuestion', 'App\\User', 2, '{\"message\":\"\\u0642\\u0627\\u0645 \\u0627\\u0644\\u0639\\u0636\\u0648 \\u0645\\u062d\\u0645\\u062f \\u0627\\u0644\\u0633\\u0627\\u062f\\u0627\\u062a \\u0628\\u0627\\u0644\\u0627\\u0639\\u062c\\u0627\\u0628 \\u0628\\u0633\\u0624\\u0627\\u0644\\u0643\",\"question_id\":3}', '2020-08-09 22:35:48', '2020-07-19 20:55:48', '2020-08-09 22:35:48'),
(17, '5b811f8a-1ce7-4b92-b6cc-3227417ec481', 'App\\Notifications\\likeQuestion', 'App\\User', 2, '{\"message\":\"\\u0642\\u0627\\u0645 \\u0627\\u0644\\u0639\\u0636\\u0648 \\u0645\\u062d\\u0645\\u062f \\u0627\\u0644\\u0633\\u0627\\u062f\\u0627\\u062a \\u0628\\u0627\\u0644\\u0627\\u0639\\u062c\\u0627\\u0628 \\u0628\\u0633\\u0624\\u0627\\u0644\\u0643\",\"question_id\":3}', '2020-08-09 22:35:48', '2020-07-19 20:55:53', '2020-08-09 22:35:48'),
(18, '606b694d-86c6-4072-9e5c-17369803d482', 'App\\Notifications\\likeQuestion', 'App\\User', 2, '{\"message\":\"\\u0642\\u0627\\u0645 \\u0627\\u0644\\u0639\\u0636\\u0648 \\u0645\\u062d\\u0645\\u062f \\u0627\\u0644\\u0633\\u0627\\u062f\\u0627\\u062a \\u0628\\u0627\\u0644\\u0627\\u0639\\u062c\\u0627\\u0628 \\u0628\\u0633\\u0624\\u0627\\u0644\\u0643\",\"question_id\":3}', '2020-08-09 22:35:48', '2020-07-19 20:58:45', '2020-08-09 22:35:48'),
(19, 'a50643ed-74c3-4cd8-ab21-999193b8cb4e', 'App\\Notifications\\likeQuestion', 'App\\User', 2, '{\"message\":\"\\u0642\\u0627\\u0645 \\u0627\\u0644\\u0639\\u0636\\u0648 \\u0645\\u062d\\u0645\\u062f \\u0627\\u0644\\u0633\\u0627\\u062f\\u0627\\u062a \\u0628\\u0627\\u0644\\u0627\\u0639\\u062c\\u0627\\u0628 \\u0628\\u0633\\u0624\\u0627\\u0644\\u0643\",\"question_id\":3}', '2020-08-09 22:35:48', '2020-07-19 20:59:38', '2020-08-09 22:35:48'),
(20, '060c0c19-b9fe-4c8e-9e1a-c86ada362847', 'App\\Notifications\\likeQuestion', 'App\\User', 2, '{\"message\":\"\\u0642\\u0627\\u0645 \\u0627\\u0644\\u0639\\u0636\\u0648 \\u0645\\u062d\\u0645\\u062f \\u0627\\u0644\\u0633\\u0627\\u062f\\u0627\\u062a \\u0628\\u0627\\u0644\\u0627\\u0639\\u062c\\u0627\\u0628 \\u0628\\u0633\\u0624\\u0627\\u0644\\u0643\",\"question_id\":1}', '2020-08-09 22:35:48', '2020-07-19 21:30:06', '2020-08-09 22:35:48'),
(21, '85dcc042-29e5-44f0-af41-fe54fb4d39f6', 'App\\Notifications\\likeQuestion', 'App\\User', 2, '{\"message\":\"\\u0642\\u0627\\u0645 \\u0627\\u0644\\u0639\\u0636\\u0648 \\u0645\\u062d\\u0645\\u062f \\u0627\\u0644\\u0633\\u0627\\u062f\\u0627\\u062a \\u0628\\u0627\\u0644\\u0627\\u0639\\u062c\\u0627\\u0628 \\u0628\\u0633\\u0624\\u0627\\u0644\\u0643\",\"question_id\":2}', '2020-08-09 22:35:48', '2020-07-20 00:38:18', '2020-08-09 22:35:48'),
(22, 'e0776828-8f92-455c-9bb0-ebf3540b17bf', 'App\\Notifications\\likeQuestion', 'App\\User', 2, '{\"message\":\"\\u0642\\u0627\\u0645 \\u0627\\u0644\\u0639\\u0636\\u0648 \\u0645\\u062d\\u0645\\u062f \\u0627\\u0644\\u0633\\u0627\\u062f\\u0627\\u062a \\u0628\\u0627\\u0644\\u0627\\u0639\\u062c\\u0627\\u0628 \\u0628\\u0633\\u0624\\u0627\\u0644\\u0643\",\"question_id\":2}', '2020-08-09 22:35:48', '2020-07-20 00:51:25', '2020-08-09 22:35:48'),
(23, 'fc1a0992-9f8a-409f-aabb-a108ba7059c6', 'App\\Notifications\\likeQuestion', 'App\\User', 2, '{\"message\":\"\\u0642\\u0627\\u0645 \\u0627\\u0644\\u0639\\u0636\\u0648 \\u0645\\u062d\\u0645\\u062f \\u0627\\u0644\\u0633\\u0627\\u062f\\u0627\\u062a \\u0628\\u0627\\u0644\\u0627\\u0639\\u062c\\u0627\\u0628 \\u0628\\u0633\\u0624\\u0627\\u0644\\u0643\",\"question_id\":3}', '2020-08-09 22:35:48', '2020-07-20 01:06:36', '2020-08-09 22:35:48'),
(24, '8b76fa7e-e7c9-4d78-8fbe-81ad5c6a2ae4', 'App\\Notifications\\likeQuestion', 'App\\User', 2, '{\"message\":\"\\u0642\\u0627\\u0645 \\u0627\\u0644\\u0639\\u0636\\u0648 \\u0645\\u062d\\u0645\\u062f \\u0627\\u0644\\u0633\\u0627\\u062f\\u0627\\u062a \\u0628\\u0627\\u0644\\u0627\\u0639\\u062c\\u0627\\u0628 \\u0628\\u0633\\u0624\\u0627\\u0644\\u0643\",\"question_id\":2}', '2020-08-09 22:35:48', '2020-07-20 01:07:02', '2020-08-09 22:35:48'),
(25, '34cc4390-72fe-4c9c-a04c-0f679a7065b9', 'App\\Notifications\\likeQuestion', 'App\\User', 2, '{\"message\":\"\\u0642\\u0627\\u0645 \\u0627\\u0644\\u0639\\u0636\\u0648 \\u0645\\u062d\\u0645\\u062f \\u0627\\u0644\\u0633\\u0627\\u062f\\u0627\\u062a \\u0628\\u0627\\u0644\\u0627\\u0639\\u062c\\u0627\\u0628 \\u0628\\u0633\\u0624\\u0627\\u0644\\u0643\",\"question_id\":2}', '2020-08-09 22:35:48', '2020-07-20 01:07:23', '2020-08-09 22:35:48'),
(26, '6a5ea31c-c5fb-4123-9f9e-44fe158382f1', 'App\\Notifications\\likeQuestion', 'App\\User', 2, '{\"message\":\"\\u0642\\u0627\\u0645 \\u0627\\u0644\\u0639\\u0636\\u0648 \\u0645\\u062d\\u0645\\u062f \\u0627\\u0644\\u0633\\u0627\\u062f\\u0627\\u062a \\u0628\\u0627\\u0644\\u0627\\u0639\\u062c\\u0627\\u0628 \\u0628\\u0633\\u0624\\u0627\\u0644\\u0643\",\"question_id\":2}', '2020-08-09 22:35:48', '2020-07-20 01:07:40', '2020-08-09 22:35:48'),
(27, '22eabc3c-7aad-47ab-9ee1-46d4255da47e', 'App\\Notifications\\likeQuestion', 'App\\User', 2, '{\"message\":\"\\u0642\\u0627\\u0645 \\u0627\\u0644\\u0639\\u0636\\u0648 \\u0645\\u062d\\u0645\\u062f \\u0627\\u0644\\u0633\\u0627\\u062f\\u0627\\u062a \\u0628\\u0627\\u0644\\u0627\\u0639\\u062c\\u0627\\u0628 \\u0628\\u0633\\u0624\\u0627\\u0644\\u0643\",\"question_id\":2}', '2020-08-09 22:35:48', '2020-07-20 01:08:02', '2020-08-09 22:35:48'),
(28, 'dc744c2b-caac-4415-b9d4-a5c6b747ec69', 'App\\Notifications\\likeQuestion', 'App\\User', 2, '{\"message\":\"\\u0642\\u0627\\u0645 \\u0627\\u0644\\u0639\\u0636\\u0648 \\u0645\\u062d\\u0645\\u062f \\u0627\\u0644\\u0633\\u0627\\u062f\\u0627\\u062a \\u0628\\u0627\\u0644\\u0627\\u0639\\u062c\\u0627\\u0628 \\u0628\\u0633\\u0624\\u0627\\u0644\\u0643\",\"question_id\":2}', '2020-08-09 22:35:48', '2020-07-20 01:08:37', '2020-08-09 22:35:48'),
(29, 'b6443031-bd49-4b8c-baf5-6947ba578466', 'App\\Notifications\\likeQuestion', 'App\\User', 2, '{\"message\":\"\\u0642\\u0627\\u0645 \\u0627\\u0644\\u0639\\u0636\\u0648 \\u0645\\u062d\\u0645\\u062f \\u0627\\u0644\\u0633\\u0627\\u062f\\u0627\\u062a \\u0628\\u0627\\u0644\\u0627\\u0639\\u062c\\u0627\\u0628 \\u0628\\u0633\\u0624\\u0627\\u0644\\u0643\",\"question_id\":2}', '2020-08-09 22:35:48', '2020-07-20 01:08:45', '2020-08-09 22:35:48'),
(30, '027e86c3-ee69-4ae9-a316-b19c752a86f4', 'App\\Notifications\\likeQuestion', 'App\\User', 2, '{\"message\":\"\\u0642\\u0627\\u0645 \\u0627\\u0644\\u0639\\u0636\\u0648 \\u0645\\u062d\\u0645\\u062f \\u0627\\u0644\\u0633\\u0627\\u062f\\u0627\\u062a \\u0628\\u0627\\u0644\\u0627\\u0639\\u062c\\u0627\\u0628 \\u0628\\u0633\\u0624\\u0627\\u0644\\u0643\",\"question_id\":2}', '2020-08-09 22:35:48', '2020-07-20 01:13:14', '2020-08-09 22:35:48'),
(31, '6315f5a0-ebe3-4920-bc1c-0e9a534f4f0f', 'App\\Notifications\\likeQuestion', 'App\\User', 2, '{\"message\":\"\\u0642\\u0627\\u0645 \\u0627\\u0644\\u0639\\u0636\\u0648 \\u0645\\u062d\\u0645\\u062f \\u0627\\u0644\\u0633\\u0627\\u062f\\u0627\\u062a \\u0628\\u0627\\u0644\\u0627\\u0639\\u062c\\u0627\\u0628 \\u0628\\u0633\\u0624\\u0627\\u0644\\u0643\",\"question_id\":2}', '2020-08-09 22:35:48', '2020-07-20 01:13:35', '2020-08-09 22:35:48'),
(32, 'aa00ec91-91ff-4aef-b2d7-f21323b32472', 'App\\Notifications\\likeQuestion', 'App\\User', 2, '{\"message\":\"\\u0642\\u0627\\u0645 \\u0627\\u0644\\u0639\\u0636\\u0648 \\u0645\\u062d\\u0645\\u062f \\u0627\\u0644\\u0633\\u0627\\u062f\\u0627\\u062a \\u0628\\u0627\\u0644\\u0627\\u0639\\u062c\\u0627\\u0628 \\u0628\\u0633\\u0624\\u0627\\u0644\\u0643\",\"question_id\":2}', '2020-08-09 22:35:48', '2020-07-20 01:29:36', '2020-08-09 22:35:48'),
(33, '296e7d9f-4dae-45dd-8003-a7237695d48e', 'App\\Notifications\\likeQuestion', 'App\\User', 2, '{\"message\":\"\\u0642\\u0627\\u0645 \\u0627\\u0644\\u0639\\u0636\\u0648 \\u0645\\u062d\\u0645\\u062f \\u0627\\u0644\\u0633\\u0627\\u062f\\u0627\\u062a \\u0628\\u0627\\u0644\\u0627\\u0639\\u062c\\u0627\\u0628 \\u0628\\u0633\\u0624\\u0627\\u0644\\u0643\",\"question_id\":2}', '2020-08-09 22:35:48', '2020-07-20 01:29:50', '2020-08-09 22:35:48'),
(34, 'e9580447-e727-4574-9288-a52f3787cd6f', 'App\\Notifications\\likeQuestion', 'App\\User', 2, '{\"message\":\"\\u0642\\u0627\\u0645 \\u0627\\u0644\\u0639\\u0636\\u0648 \\u0645\\u062d\\u0645\\u062f \\u0627\\u0644\\u0633\\u0627\\u062f\\u0627\\u062a \\u0628\\u0627\\u0644\\u0627\\u0639\\u062c\\u0627\\u0628 \\u0628\\u0633\\u0624\\u0627\\u0644\\u0643\",\"question_id\":3}', '2020-08-09 22:35:48', '2020-07-20 01:29:52', '2020-08-09 22:35:48'),
(35, 'c104ca9d-8e0e-4569-b17d-e5e37ea0b6c1', 'App\\Notifications\\likeQuestion', 'App\\User', 2, '{\"message\":\"\\u0642\\u0627\\u0645 \\u0627\\u0644\\u0639\\u0636\\u0648 \\u0645\\u062d\\u0645\\u062f \\u0627\\u0644\\u0633\\u0627\\u062f\\u0627\\u062a \\u0628\\u0627\\u0644\\u0627\\u0639\\u062c\\u0627\\u0628 \\u0628\\u0633\\u0624\\u0627\\u0644\\u0643\",\"question_id\":1}', '2020-08-09 22:35:48', '2020-07-20 01:30:51', '2020-08-09 22:35:48'),
(36, '2083b73d-2f7b-452b-9947-a003809d293e', 'App\\Notifications\\likeQuestion', 'App\\User', 2, '{\"message\":\"\\u0642\\u0627\\u0645 \\u0627\\u0644\\u0639\\u0636\\u0648 \\u0645\\u062d\\u0645\\u062f \\u0627\\u0644\\u0633\\u0627\\u062f\\u0627\\u062a \\u0628\\u0627\\u0644\\u0627\\u0639\\u062c\\u0627\\u0628 \\u0628\\u0633\\u0624\\u0627\\u0644\\u0643\",\"question_id\":2}', '2020-08-09 22:35:48', '2020-07-20 01:31:05', '2020-08-09 22:35:48'),
(37, 'db3cefec-eb1d-45da-92ef-89be32378bcc', 'App\\Notifications\\likeQuestion', 'App\\User', 2, '{\"message\":\"\\u0642\\u0627\\u0645 \\u0627\\u0644\\u0639\\u0636\\u0648 \\u0645\\u062d\\u0645\\u062f \\u0627\\u0644\\u0633\\u0627\\u062f\\u0627\\u062a \\u0628\\u0627\\u0644\\u0627\\u0639\\u062c\\u0627\\u0628 \\u0628\\u0633\\u0624\\u0627\\u0644\\u0643\",\"question_id\":3}', '2020-08-09 22:35:48', '2020-07-20 01:31:58', '2020-08-09 22:35:48'),
(38, '155e92ba-82d1-47a8-b3b8-3ad5e6013918', 'App\\Notifications\\likeQuestion', 'App\\User', 2, '{\"message\":\"\\u0642\\u0627\\u0645 \\u0627\\u0644\\u0639\\u0636\\u0648 \\u0645\\u062d\\u0645\\u062f \\u0627\\u0644\\u0633\\u0627\\u062f\\u0627\\u062a \\u0628\\u0627\\u0644\\u0627\\u0639\\u062c\\u0627\\u0628 \\u0628\\u0633\\u0624\\u0627\\u0644\\u0643\",\"question_id\":2}', '2020-08-09 22:35:48', '2020-07-21 21:12:45', '2020-08-09 22:35:48'),
(39, '3b06c429-7597-4552-92a1-3c10cbe1ac93', 'App\\Notifications\\likeQuestion', 'App\\User', 2, '{\"message\":\"\\u0642\\u0627\\u0645 \\u0627\\u0644\\u0639\\u0636\\u0648 \\u0645\\u062d\\u0645\\u062f \\u0627\\u0644\\u0633\\u0627\\u062f\\u0627\\u062a \\u0628\\u0627\\u0644\\u0627\\u0639\\u062c\\u0627\\u0628 \\u0628\\u0633\\u0624\\u0627\\u0644\\u0643\",\"question_id\":2}', '2020-08-09 22:35:48', '2020-07-21 21:12:47', '2020-08-09 22:35:48'),
(40, 'd68df84f-2003-4622-84d5-9e7691287d9c', 'App\\Notifications\\likeQuestion', 'App\\User', 2, '{\"message\":\"\\u0642\\u0627\\u0645 \\u0627\\u0644\\u0639\\u0636\\u0648 \\u0645\\u062d\\u0645\\u062f \\u0627\\u0644\\u0633\\u0627\\u062f\\u0627\\u062a \\u0628\\u0627\\u0644\\u0627\\u0639\\u062c\\u0627\\u0628 \\u0628\\u0633\\u0624\\u0627\\u0644\\u0643\",\"question_id\":3}', '2020-08-09 22:35:48', '2020-07-21 21:14:30', '2020-08-09 22:35:48'),
(41, 'fb6862f3-16f6-475e-a061-db0beb24e506', 'App\\Notifications\\likeQuestion', 'App\\User', 2, '{\"message\":\"\\u0642\\u0627\\u0645 \\u0627\\u0644\\u0639\\u0636\\u0648 \\u0645\\u062d\\u0645\\u062f \\u0627\\u0644\\u0633\\u0627\\u062f\\u0627\\u062a \\u0628\\u0627\\u0644\\u0627\\u0639\\u062c\\u0627\\u0628 \\u0628\\u0633\\u0624\\u0627\\u0644\\u0643\",\"question_id\":3}', '2020-08-09 22:35:48', '2020-07-21 21:15:21', '2020-08-09 22:35:48'),
(42, '76d90d79-447c-4ec5-9083-feed7d1747bb', 'App\\Notifications\\likeQuestion', 'App\\User', 2, '{\"message\":\"\\u0642\\u0627\\u0645 \\u0627\\u0644\\u0639\\u0636\\u0648 \\u0645\\u062d\\u0645\\u062f \\u0627\\u0644\\u0633\\u0627\\u062f\\u0627\\u062a \\u0628\\u0627\\u0644\\u0627\\u0639\\u062c\\u0627\\u0628 \\u0628\\u0633\\u0624\\u0627\\u0644\\u0643\",\"question_id\":3}', '2020-08-09 22:35:48', '2020-07-21 21:17:07', '2020-08-09 22:35:48'),
(43, 'a8aaa71e-12fb-4519-994e-aadea42ca7cd', 'App\\Notifications\\likeQuestion', 'App\\User', 2, '{\"message\":\"\\u0642\\u0627\\u0645 \\u0627\\u0644\\u0639\\u0636\\u0648 \\u0645\\u062d\\u0645\\u062f \\u0627\\u0644\\u0633\\u0627\\u062f\\u0627\\u062a \\u0628\\u0627\\u0644\\u0627\\u0639\\u062c\\u0627\\u0628 \\u0628\\u0633\\u0624\\u0627\\u0644\\u0643\",\"question_id\":3}', '2020-08-09 22:35:48', '2020-07-21 21:17:38', '2020-08-09 22:35:48'),
(44, '734cec3b-0870-4b64-b651-fd3de3548907', 'App\\Notifications\\likeQuestion', 'App\\User', 2, '{\"message\":\"\\u0642\\u0627\\u0645 \\u0627\\u0644\\u0639\\u0636\\u0648 \\u0645\\u062d\\u0645\\u062f \\u0627\\u0644\\u0633\\u0627\\u062f\\u0627\\u062a \\u0628\\u0627\\u0644\\u0627\\u0639\\u062c\\u0627\\u0628 \\u0628\\u0633\\u0624\\u0627\\u0644\\u0643\",\"question_id\":3}', '2020-08-09 22:35:48', '2020-07-21 21:17:40', '2020-08-09 22:35:48'),
(45, 'cd68ff9a-a3be-4cab-9110-2950ab5f51e0', 'App\\Notifications\\likeQuestion', 'App\\User', 2, '{\"message\":\"\\u0642\\u0627\\u0645 \\u0627\\u0644\\u0639\\u0636\\u0648 \\u0645\\u062d\\u0645\\u062f \\u0627\\u0644\\u0633\\u0627\\u062f\\u0627\\u062a \\u0628\\u0627\\u0644\\u0627\\u0639\\u062c\\u0627\\u0628 \\u0628\\u0633\\u0624\\u0627\\u0644\\u0643\",\"question_id\":3}', '2020-08-09 22:35:48', '2020-07-21 21:17:41', '2020-08-09 22:35:48'),
(46, '719af93f-550b-40a4-a649-5474da74dba2', 'App\\Notifications\\likeQuestion', 'App\\User', 2, '{\"message\":\"\\u0642\\u0627\\u0645 \\u0627\\u0644\\u0639\\u0636\\u0648 \\u0645\\u062d\\u0645\\u062f \\u0627\\u0644\\u0633\\u0627\\u062f\\u0627\\u062a \\u0628\\u0627\\u0644\\u0627\\u0639\\u062c\\u0627\\u0628 \\u0628\\u0633\\u0624\\u0627\\u0644\\u0643\",\"question_id\":3}', '2020-08-09 22:35:48', '2020-07-21 21:17:46', '2020-08-09 22:35:48'),
(47, '68b4274c-abec-4618-9394-855b3f1f4aec', 'App\\Notifications\\answerQuestion', 'App\\User', 2, '{\"message\":\"\\u0642\\u0627\\u0645 \\u0627\\u0644\\u0639\\u0636\\u0648 \\u0645\\u062d\\u0645\\u062f \\u0627\\u0644\\u0633\\u0627\\u062f\\u0627\\u062a \\u0628\\u0627\\u0644\\u0627\\u062c\\u0627\\u0628\\u0647 \\u0639\\u0644\\u0649 \\u0633\\u0624\\u0627\\u0644\\u0643\",\"question_id\":1}', '2020-08-09 22:35:48', '2020-07-22 09:09:27', '2020-08-09 22:35:48'),
(48, 'c629b24f-cc0d-4088-9eca-384b86b0f118', 'App\\Notifications\\answerQuestion', 'App\\User', 2, '{\"message\":\"\\u0642\\u0627\\u0645 \\u0627\\u0644\\u0639\\u0636\\u0648 \\u0645\\u062d\\u0645\\u062f \\u0627\\u0644\\u0633\\u0627\\u062f\\u0627\\u062a \\u0628\\u0627\\u0644\\u0627\\u062c\\u0627\\u0628\\u0647 \\u0639\\u0644\\u0649 \\u0633\\u0624\\u0627\\u0644\\u0643\",\"question_id\":2}', '2020-08-09 22:35:48', '2020-07-22 09:13:14', '2020-08-09 22:35:48'),
(49, 'fa2aef8b-1bea-4c32-8d8e-b3db82bface2', 'App\\Notifications\\answerQuestion', 'App\\User', 2, '{\"message\":\"\\u0642\\u0627\\u0645 \\u0627\\u0644\\u0639\\u0636\\u0648 \\u0645\\u062d\\u0645\\u062f \\u0627\\u0644\\u0633\\u0627\\u062f\\u0627\\u062a \\u0628\\u0627\\u0644\\u0627\\u062c\\u0627\\u0628\\u0647 \\u0639\\u0644\\u0649 \\u0633\\u0624\\u0627\\u0644\\u0643\",\"question_id\":2}', '2020-08-09 22:35:48', '2020-07-22 09:15:02', '2020-08-09 22:35:48'),
(50, '1654fb4f-18a8-41de-8b6f-6bdb59bdf540', 'App\\Notifications\\answerQuestion', 'App\\User', 2, '{\"message\":\"\\u0642\\u0627\\u0645 \\u0627\\u0644\\u0639\\u0636\\u0648 \\u0645\\u062d\\u0645\\u062f \\u0627\\u0644\\u0633\\u0627\\u062f\\u0627\\u062a \\u0628\\u0627\\u0644\\u0627\\u062c\\u0627\\u0628\\u0647 \\u0639\\u0644\\u0649 \\u0633\\u0624\\u0627\\u0644\\u0643\",\"question_id\":2}', '2020-08-09 22:35:48', '2020-07-22 09:16:06', '2020-08-09 22:35:48'),
(51, '4e4d9ccb-6765-494f-a430-3c320c7de29f', 'App\\Notifications\\answerQuestion', 'App\\User', 2, '{\"message\":\"\\u0642\\u0627\\u0645 \\u0627\\u0644\\u0639\\u0636\\u0648 \\u0645\\u062d\\u0645\\u062f \\u0627\\u0644\\u0633\\u0627\\u062f\\u0627\\u062a \\u0628\\u0627\\u0644\\u0627\\u062c\\u0627\\u0628\\u0647 \\u0639\\u0644\\u0649 \\u0633\\u0624\\u0627\\u0644\\u0643\",\"question_id\":2}', '2020-08-09 22:35:48', '2020-07-22 09:21:01', '2020-08-09 22:35:48'),
(52, '1294cc81-153e-4141-82f4-e1b70d16f5db', 'App\\Notifications\\answerQuestion', 'App\\User', 2, '{\"message\":\"\\u0642\\u0627\\u0645 \\u0627\\u0644\\u0639\\u0636\\u0648 \\u0645\\u062d\\u0645\\u062f \\u0627\\u0644\\u0633\\u0627\\u062f\\u0627\\u062a \\u0628\\u0627\\u0644\\u0627\\u062c\\u0627\\u0628\\u0647 \\u0639\\u0644\\u0649 \\u0633\\u0624\\u0627\\u0644\\u0643\",\"question_id\":2}', '2020-08-09 22:35:48', '2020-07-22 09:21:49', '2020-08-09 22:35:48'),
(53, 'd649856b-ad68-4101-9e4e-a9989366374e', 'App\\Notifications\\answerQuestion', 'App\\User', 2, '{\"message\":\"\\u0642\\u0627\\u0645 \\u0627\\u0644\\u0639\\u0636\\u0648 \\u0645\\u062d\\u0645\\u062f \\u0627\\u0644\\u0633\\u0627\\u062f\\u0627\\u062a \\u0628\\u0627\\u0644\\u0627\\u062c\\u0627\\u0628\\u0647 \\u0639\\u0644\\u0649 \\u0633\\u0624\\u0627\\u0644\\u0643\",\"question_id\":3}', '2020-08-09 22:35:48', '2020-07-22 10:54:20', '2020-08-09 22:35:48'),
(54, 'e2030f05-8772-4755-9550-00d595cc0fe7', 'App\\Notifications\\answerQuestion', 'App\\User', 2, '{\"message\":\"\\u0642\\u0627\\u0645 \\u0627\\u0644\\u0639\\u0636\\u0648 \\u0645\\u062d\\u0645\\u062f \\u0627\\u0644\\u0633\\u0627\\u062f\\u0627\\u062a \\u0628\\u0627\\u0644\\u0627\\u062c\\u0627\\u0628\\u0647 \\u0639\\u0644\\u0649 \\u0633\\u0624\\u0627\\u0644\\u0643\",\"question_id\":3}', '2020-08-09 22:35:48', '2020-07-22 10:54:23', '2020-08-09 22:35:48'),
(55, '3820c26f-b52e-430b-b03a-5523e50b08fa', 'App\\Notifications\\answerQuestion', 'App\\User', 2, '{\"message\":\"\\u0642\\u0627\\u0645 \\u0627\\u0644\\u0639\\u0636\\u0648 \\u0645\\u062d\\u0645\\u062f \\u0627\\u0644\\u0633\\u0627\\u062f\\u0627\\u062a \\u0628\\u0627\\u0644\\u0627\\u062c\\u0627\\u0628\\u0647 \\u0639\\u0644\\u0649 \\u0633\\u0624\\u0627\\u0644\\u0643\",\"question_id\":3}', '2020-08-09 22:35:48', '2020-07-22 10:54:26', '2020-08-09 22:35:48'),
(56, '559d271c-4916-4d1c-96ce-cfe18dd58346', 'App\\Notifications\\answerQuestion', 'App\\User', 2, '{\"message\":\"\\u0642\\u0627\\u0645 \\u0627\\u0644\\u0639\\u0636\\u0648 \\u0645\\u062d\\u0645\\u062f \\u0627\\u0644\\u0633\\u0627\\u062f\\u0627\\u062a \\u0628\\u0627\\u0644\\u0627\\u062c\\u0627\\u0628\\u0647 \\u0639\\u0644\\u0649 \\u0633\\u0624\\u0627\\u0644\\u0643\",\"question_id\":3}', '2020-08-09 22:35:48', '2020-07-22 10:54:29', '2020-08-09 22:35:48'),
(57, 'cfc0b837-e477-4770-96ab-dd783d2095db', 'App\\Notifications\\likeQuestion', 'App\\User', 2, '{\"message\":\"\\u0642\\u0627\\u0645 \\u0627\\u0644\\u0639\\u0636\\u0648 \\u0645\\u062d\\u0645\\u062f \\u0627\\u0644\\u0633\\u0627\\u062f\\u0627\\u062a \\u0628\\u0627\\u0644\\u0627\\u0639\\u062c\\u0627\\u0628 \\u0628\\u0633\\u0624\\u0627\\u0644\\u0643\",\"question_id\":2}', '2020-08-09 22:35:48', '2020-07-22 18:31:52', '2020-08-09 22:35:48'),
(58, '3ef1fc8b-a165-45da-b9cb-3928680b87b1', 'App\\Notifications\\likeQuestion', 'App\\User', 2, '{\"message\":\"\\u0642\\u0627\\u0645 \\u0627\\u0644\\u0639\\u0636\\u0648 \\u0645\\u062d\\u0645\\u062f \\u0627\\u0644\\u0633\\u0627\\u062f\\u0627\\u062a \\u0628\\u0627\\u0644\\u0627\\u0639\\u062c\\u0627\\u0628 \\u0628\\u0633\\u0624\\u0627\\u0644\\u0643\",\"question_id\":2}', '2020-08-09 22:35:48', '2020-07-22 19:29:56', '2020-08-09 22:35:48'),
(59, '3fd29d92-42af-4858-994b-6241e3871721', 'App\\Notifications\\likeAnswer', 'App\\User', 11, '{\"message\":\"\\u0642\\u0627\\u0645 \\u0627\\u0644\\u0639\\u0636\\u0648 \\u0645\\u062d\\u0645\\u062f \\u0643\\u0631\\u064a\\u0645 \\u0628\\u0627\\u0644\\u0627\\u0639\\u062c\\u0627\\u0628 \\u0628\\u0627\\u062c\\u0627\\u0628\\u062a\\u0643\",\"answer_id\":16}', '2020-07-25 02:29:20', '2020-07-23 05:19:38', '2020-07-25 02:29:20'),
(60, 'fe92c32a-d509-408d-ac7f-cad65681fef7', 'App\\Notifications\\likeAnswer', 'App\\User', 11, '{\"message\":\"\\u0642\\u0627\\u0645 \\u0627\\u0644\\u0639\\u0636\\u0648 \\u0645\\u062d\\u0645\\u062f \\u0643\\u0631\\u064a\\u0645 \\u0628\\u0627\\u0644\\u0627\\u0639\\u062c\\u0627\\u0628 \\u0628\\u0627\\u062c\\u0627\\u0628\\u062a\\u0643\",\"answer_id\":15}', '2020-07-25 02:29:20', '2020-07-23 05:19:40', '2020-07-25 02:29:20'),
(61, '17884eba-5225-4eb0-a83c-8af1eea72672', 'App\\Notifications\\likeAnswer', 'App\\User', 11, '{\"message\":\"\\u0642\\u0627\\u0645 \\u0627\\u0644\\u0639\\u0636\\u0648 \\u0645\\u062d\\u0645\\u062f \\u0643\\u0631\\u064a\\u0645 \\u0628\\u0627\\u0644\\u0627\\u0639\\u062c\\u0627\\u0628 \\u0628\\u0627\\u062c\\u0627\\u0628\\u062a\\u0643\",\"answer_id\":13}', '2020-07-25 02:29:20', '2020-07-23 05:19:43', '2020-07-25 02:29:20'),
(62, 'd84186b4-e746-414e-bf24-bc35a9eff75b', 'App\\Notifications\\likeQuestion', 'App\\User', 2, '{\"message\":\"\\u0642\\u0627\\u0645 \\u0627\\u0644\\u0639\\u0636\\u0648 \\u0645\\u062d\\u0645\\u062f \\u0643\\u0631\\u064a\\u0645 \\u0628\\u0627\\u0644\\u0627\\u0639\\u062c\\u0627\\u0628 \\u0628\\u0633\\u0624\\u0627\\u0644\\u0643\",\"question_id\":3}', '2020-08-09 22:35:48', '2020-07-23 05:21:04', '2020-08-09 22:35:48'),
(63, 'f5fd01ee-cc46-4e67-b41a-2c2a5ffc00c4', 'App\\Notifications\\likeQuestion', 'App\\User', 2, '{\"message\":\"\\u0642\\u0627\\u0645 \\u0627\\u0644\\u0639\\u0636\\u0648 \\u0645\\u062d\\u0645\\u062f \\u0643\\u0631\\u064a\\u0645 \\u0628\\u0627\\u0644\\u0627\\u0639\\u062c\\u0627\\u0628 \\u0628\\u0633\\u0624\\u0627\\u0644\\u0643\",\"question_id\":3}', '2020-08-09 22:35:48', '2020-07-23 05:23:48', '2020-08-09 22:35:48'),
(64, '2aae4d80-5aac-4ea6-88a8-6c2d31c16e75', 'App\\Notifications\\likeAnswer', 'App\\User', 11, '{\"message\":\"\\u0642\\u0627\\u0645 \\u0627\\u0644\\u0639\\u0636\\u0648 \\u0645\\u062d\\u0645\\u062f \\u0643\\u0631\\u064a\\u0645 \\u0628\\u0627\\u0644\\u0627\\u0639\\u062c\\u0627\\u0628 \\u0628\\u0627\\u062c\\u0627\\u0628\\u062a\\u0643\",\"answer_id\":13}', '2020-07-25 02:29:20', '2020-07-23 05:25:15', '2020-07-25 02:29:20'),
(65, 'cfb8b9da-0cb9-4a19-b3bb-9579ac2ced7c', 'App\\Notifications\\likeQuestion', 'App\\User', 11, '{\"message\":\"\\u0642\\u0627\\u0645 \\u0627\\u0644\\u0639\\u0636\\u0648 \\u0645\\u062d\\u0645\\u062f \\u0643\\u0631\\u064a\\u0645 \\u0628\\u0627\\u0644\\u0627\\u0639\\u062c\\u0627\\u0628 \\u0628\\u0633\\u0624\\u0627\\u0644\\u0643\",\"question_id\":4}', '2020-07-25 03:30:46', '2020-07-25 02:35:21', '2020-07-25 03:30:46'),
(66, 'e12004fb-ce17-49b2-bb37-0d9e3c2f23f6', 'App\\Notifications\\likeQuestion', 'App\\User', 11, '{\"message\":\"\\u0642\\u0627\\u0645 \\u0627\\u0644\\u0639\\u0636\\u0648 \\u0645\\u062d\\u0645\\u062f \\u0643\\u0631\\u064a\\u0645 \\u0628\\u0627\\u0644\\u0627\\u0639\\u062c\\u0627\\u0628 \\u0628\\u0633\\u0624\\u0627\\u0644\\u0643\",\"question_id\":8}', '2020-07-25 03:30:46', '2020-07-25 03:05:36', '2020-07-25 03:30:46'),
(67, 'b232cd79-4c33-49fd-bc41-df7d7d9f6fc8', 'App\\Notifications\\likeQuestion', 'App\\User', 11, '{\"message\":\"\\u0642\\u0627\\u0645 \\u0627\\u0644\\u0639\\u0636\\u0648 \\u0645\\u062d\\u0645\\u062f \\u0643\\u0631\\u064a\\u0645 \\u0628\\u0627\\u0644\\u0627\\u0639\\u062c\\u0627\\u0628 \\u0628\\u0633\\u0624\\u0627\\u0644\\u0643\",\"question_id\":9}', '2020-07-25 03:30:46', '2020-07-25 03:17:33', '2020-07-25 03:30:46'),
(72, '5f26519e-c053-4e95-9dbb-3c9ee3d7852b', 'App\\Notifications\\likeQuestion', 'App\\User', 11, '{\"message\":\"\\u0642\\u0627\\u0645 \\u0627\\u0644\\u0639\\u0636\\u0648 \\u0645\\u062d\\u0645\\u062f \\u0643\\u0631\\u064a\\u0645 \\u0628\\u0627\\u0644\\u0627\\u0639\\u062c\\u0627\\u0628 \\u0628\\u0633\\u0624\\u0627\\u0644\\u0643\",\"question_id\":7}', '2020-07-25 03:30:46', '2020-07-25 03:17:58', '2020-07-25 03:30:46'),
(78, '036b0453-9394-4cec-b65b-7ee5a59179bf', 'App\\Notifications\\likeQuestion', 'App\\User', 11, '{\"message\":\"\\u0642\\u0627\\u0645 \\u0627\\u0644\\u0639\\u0636\\u0648 \\u0645\\u062d\\u0645\\u062f \\u0643\\u0631\\u064a\\u0645 \\u0628\\u0627\\u0644\\u0627\\u0639\\u062c\\u0627\\u0628 \\u0628\\u0633\\u0624\\u0627\\u0644\\u0643\",\"question_id\":13}', '2020-07-27 07:51:57', '2020-07-26 08:08:20', '2020-07-27 07:51:57'),
(79, 'a541e7ea-0cf6-4581-a163-2eeefb9d71d8', 'App\\Notifications\\likeQuestion', 'App\\User', 11, '{\"message\":\"\\u0642\\u0627\\u0645 \\u0627\\u0644\\u0639\\u0636\\u0648 \\u0645\\u062d\\u0645\\u062f \\u0643\\u0631\\u064a\\u0645 \\u0628\\u0627\\u0644\\u0627\\u0639\\u062c\\u0627\\u0628 \\u0628\\u0633\\u0624\\u0627\\u0644\\u0643\",\"question_id\":14}', '2020-07-27 07:51:57', '2020-07-26 08:08:22', '2020-07-27 07:51:57'),
(80, '3604ae6d-0496-4252-aa10-0d50ff4c7272', 'App\\Notifications\\likeQuestion', 'App\\User', 11, '{\"message\":\"\\u0642\\u0627\\u0645 \\u0627\\u0644\\u0639\\u0636\\u0648 \\u0645\\u062d\\u0645\\u062f \\u0643\\u0631\\u064a\\u0645 \\u0628\\u0627\\u0644\\u0627\\u0639\\u062c\\u0627\\u0628 \\u0628\\u0633\\u0624\\u0627\\u0644\\u0643\",\"question_id\":11}', '2020-07-27 07:51:57', '2020-07-26 08:08:23', '2020-07-27 07:51:57'),
(81, 'f590e8d6-c38c-4b87-8e8c-26a447ac7815', 'App\\Notifications\\likeQuestion', 'App\\User', 11, '{\"message\":\"\\u0642\\u0627\\u0645 \\u0627\\u0644\\u0639\\u0636\\u0648 \\u0645\\u062d\\u0645\\u062f \\u0643\\u0631\\u064a\\u0645 \\u0628\\u0627\\u0644\\u0627\\u0639\\u062c\\u0627\\u0628 \\u0628\\u0633\\u0624\\u0627\\u0644\\u0643\",\"question_id\":5}', '2020-07-27 07:51:57', '2020-07-26 08:08:24', '2020-07-27 07:51:57'),
(82, 'e1e785a1-809b-4065-bde1-f6a2fae16ff1', 'App\\Notifications\\answerQuestion', 'App\\User', 11, '{\"message\":\"\\u0642\\u0627\\u0645 \\u0627\\u0644\\u0639\\u0636\\u0648 \\u0645\\u062d\\u0645\\u062f \\u0643\\u0631\\u064a\\u0645 \\u0628\\u0627\\u0644\\u0627\\u062c\\u0627\\u0628\\u0647 \\u0639\\u0644\\u0649 \\u0633\\u0624\\u0627\\u0644\\u0643\",\"question_id\":14}', '2020-07-27 07:51:57', '2020-07-26 15:06:47', '2020-07-27 07:51:57'),
(83, '2ccec985-0686-4597-b7bc-7fb5e12f123f', 'App\\Notifications\\answerQuestion', 'App\\User', 11, '{\"message\":\"\\u0642\\u0627\\u0645 \\u0627\\u0644\\u0639\\u0636\\u0648 \\u0645\\u062d\\u0645\\u062f \\u0643\\u0631\\u064a\\u0645 \\u0628\\u0627\\u0644\\u0627\\u062c\\u0627\\u0628\\u0647 \\u0639\\u0644\\u0649 \\u0633\\u0624\\u0627\\u0644\\u0643\",\"question_id\":15}', '2020-07-27 07:51:57', '2020-07-27 07:51:33', '2020-07-27 07:51:57'),
(84, 'd94f9ed7-a406-4460-a782-6fcfb160298d', 'App\\Notifications\\likeQuestion', 'App\\User', 11, '{\"message\":\"\\u0642\\u0627\\u0645 \\u0627\\u0644\\u0639\\u0636\\u0648 \\u0645\\u062d\\u0645\\u062f \\u0643\\u0631\\u064a\\u0645 \\u0628\\u0627\\u0644\\u0627\\u0639\\u062c\\u0627\\u0628 \\u0628\\u0633\\u0624\\u0627\\u0644\\u0643\",\"question_id\":15}', '2020-07-27 10:27:41', '2020-07-27 07:52:31', '2020-07-27 10:27:41'),
(86, '18c72a79-74bf-4e6e-a0b3-75e1c5ee410d', 'App\\Notifications\\likeQuestion', 'App\\User', 11, '{\"message\":\"\\u0642\\u0627\\u0645 \\u0627\\u0644\\u0639\\u0636\\u0648 \\u0645\\u062d\\u0645\\u062f \\u0627\\u0644\\u0633\\u0627\\u062f\\u0627\\u062a \\u0628\\u0627\\u0644\\u0627\\u0639\\u062c\\u0627\\u0628 \\u0628\\u0633\\u0624\\u0627\\u0644\\u0643\",\"question_id\":16}', '2020-07-27 12:04:43', '2020-07-27 11:46:12', '2020-07-27 12:04:43'),
(87, '0151d85d-835a-4416-9b30-7d14045f3b22', 'App\\Notifications\\answerQuestion', 'App\\User', 11, '{\"message\":\"\\u0642\\u0627\\u0645 \\u0627\\u0644\\u0639\\u0636\\u0648 \\u0645\\u062d\\u0645\\u062f \\u0627\\u0644\\u0633\\u0627\\u062f\\u0627\\u062a \\u0628\\u0627\\u0644\\u0627\\u062c\\u0627\\u0628\\u0647 \\u0639\\u0644\\u0649 \\u0633\\u0624\\u0627\\u0644\\u0643\",\"question_id\":16}', '2020-07-27 12:04:42', '2020-07-27 11:46:44', '2020-07-27 12:04:42'),
(88, '18d93e43-14c9-4542-aa31-964374b75063', 'App\\Notifications\\likeQuestion', 'App\\User', 2, '{\"message\":\"\\u0642\\u0627\\u0645 \\u0627\\u0644\\u0639\\u0636\\u0648 \\u0645\\u062d\\u0645\\u062f \\u0643\\u0631\\u064a\\u0645 \\u0628\\u0627\\u0644\\u0627\\u0639\\u062c\\u0627\\u0628 \\u0628\\u0633\\u0624\\u0627\\u0644\\u0643\",\"question_id\":3}', '2020-08-09 22:35:47', '2020-07-29 15:19:16', '2020-08-09 22:35:47'),
(89, '838414b0-becc-442b-bfc8-a6a55a839a52', 'App\\Notifications\\likeQuestion', 'App\\User', 11, '{\"message\":\"\\u0642\\u0627\\u0645 \\u0627\\u0644\\u0639\\u0636\\u0648 \\u0645\\u062d\\u0645\\u062f \\u0627\\u0644\\u0633\\u0627\\u062f\\u0627\\u062a \\u0628\\u0627\\u0644\\u0627\\u0639\\u062c\\u0627\\u0628 \\u0628\\u0633\\u0624\\u0627\\u0644\\u0643\",\"question_id\":15}', '2020-08-05 18:23:58', '2020-08-03 19:40:23', '2020-08-05 18:23:58'),
(90, 'b13ee687-bf2d-4e66-afe8-bdcbf75504df', 'App\\Notifications\\likeQuestion', 'App\\User', 11, '{\"message\":\"\\u0642\\u0627\\u0645 \\u0627\\u0644\\u0639\\u0636\\u0648 \\u0645\\u062d\\u0645\\u062f \\u0627\\u0644\\u0633\\u0627\\u062f\\u0627\\u062a \\u0628\\u0627\\u0644\\u0627\\u0639\\u062c\\u0627\\u0628 \\u0628\\u0633\\u0624\\u0627\\u0644\\u0643\",\"question_id\":14}', '2020-08-05 18:23:58', '2020-08-03 19:40:23', '2020-08-05 18:23:58'),
(91, 'db0db83e-848c-4f7a-b72c-91118b3aa164', 'App\\Notifications\\answerQuestion', 'App\\User', 11, '{\"message\":\"\\u0642\\u0627\\u0645 \\u0627\\u0644\\u0639\\u0636\\u0648 somaya hegab \\u0628\\u0627\\u0644\\u0627\\u062c\\u0627\\u0628\\u0647 \\u0639\\u0644\\u0649 \\u0633\\u0624\\u0627\\u0644\\u0643\",\"question_id\":14}', '2020-08-10 18:21:14', '2020-08-09 22:32:02', '2020-08-10 18:21:14'),
(92, '07db5db5-3729-4040-a213-c2ed8edf01b4', 'App\\Notifications\\likeQuestion', 'App\\User', 11, '{\"message\":\"\\u0642\\u0627\\u0645 \\u0627\\u0644\\u0639\\u0636\\u0648 somaya hegab \\u0628\\u0627\\u0644\\u0627\\u0639\\u062c\\u0627\\u0628 \\u0628\\u0633\\u0624\\u0627\\u0644\\u0643\",\"question_id\":16}', '2020-08-10 18:21:14', '2020-08-09 22:36:20', '2020-08-10 18:21:14'),
(93, 'fb48c54e-c14d-4e1c-9ef7-61f99185d8cd', 'App\\Notifications\\likeQuestion', 'App\\User', 11, '{\"message\":\"\\u0642\\u0627\\u0645 \\u0627\\u0644\\u0639\\u0636\\u0648 \\u0645\\u062d\\u0645\\u062f \\u0639\\u0644\\u064a \\u0628\\u0627\\u0644\\u0627\\u0639\\u062c\\u0627\\u0628 \\u0628\\u0633\\u0624\\u0627\\u0644\\u0643\",\"question_id\":16}', '2020-08-10 18:21:14', '2020-08-10 17:44:57', '2020-08-10 18:21:14'),
(94, '3a84da70-a899-48e1-8507-7c9909fc20ad', 'App\\Notifications\\likeAnswer', 'App\\User', 14, '{\"message\":\"\\u0642\\u0627\\u0645 \\u0627\\u0644\\u0639\\u0636\\u0648 \\u0645\\u062d\\u0645\\u062f \\u0639\\u0644\\u064a \\u0628\\u0627\\u0644\\u0627\\u0639\\u062c\\u0627\\u0628 \\u0628\\u0627\\u062c\\u0627\\u0628\\u062a\\u0643\",\"answer_id\":28}', NULL, '2020-08-10 17:45:10', '2020-08-10 17:45:10'),
(95, 'd11e6627-8c58-4df8-8753-6ec05df96766', 'App\\Notifications\\likeQuestion', 'App\\User', 11, '{\"message\":\"\\u0642\\u0627\\u0645 \\u0627\\u0644\\u0639\\u0636\\u0648 \\u0645\\u062d\\u0645\\u062f \\u0639\\u0644\\u064a \\u0628\\u0627\\u0644\\u0627\\u0639\\u062c\\u0627\\u0628 \\u0628\\u0633\\u0624\\u0627\\u0644\\u0643\",\"question_id\":13}', '2020-08-10 18:21:14', '2020-08-10 17:45:14', '2020-08-10 18:21:14'),
(96, 'd29ad7ae-0a40-4fe9-8b14-b819e934b85c', 'App\\Notifications\\likeQuestion', 'App\\User', 18, '{\"message\":\"\\u0642\\u0627\\u0645 \\u0627\\u0644\\u0639\\u0636\\u0648 Hani \\u0628\\u0627\\u0644\\u0627\\u0639\\u062c\\u0627\\u0628 \\u0628\\u0633\\u0624\\u0627\\u0644\\u0643\",\"question_id\":17}', '2020-08-12 05:25:30', '2020-08-12 05:21:50', '2020-08-12 05:25:30'),
(97, '99b25f8e-61b0-4428-91d4-2c2429308718', 'App\\Notifications\\answerQuestion', 'App\\User', 11, '{\"message\":\"\\u0642\\u0627\\u0645 \\u0627\\u0644\\u0639\\u0636\\u0648 \\u0639\\u0628\\u062f \\u0627\\u0644\\u0639\\u0632\\u064a\\u0632 \\u0628\\u0627\\u0644\\u0627\\u062c\\u0627\\u0628\\u0647 \\u0639\\u0644\\u0649 \\u0633\\u0624\\u0627\\u0644\\u0643\",\"question_id\":15}', '2020-08-13 15:08:07', '2020-08-12 06:17:51', '2020-08-13 15:08:07'),
(98, 'f81202ca-0d13-48a6-b3c1-b20a4327a6db', 'App\\Notifications\\answerQuestion', 'App\\User', 2, '{\"message\":\"\\u0642\\u0627\\u0645 \\u0627\\u0644\\u0639\\u0636\\u0648 \\u0639\\u0628\\u062f \\u0627\\u0644\\u0639\\u0632\\u064a\\u0632 \\u0628\\u0627\\u0644\\u0627\\u062c\\u0627\\u0628\\u0647 \\u0639\\u0644\\u0649 \\u0633\\u0624\\u0627\\u0644\\u0643\",\"question_id\":1}', NULL, '2020-08-12 06:21:04', '2020-08-12 06:21:04'),
(99, 'ad718a65-7793-42e2-a705-52485621c0e4', 'App\\Notifications\\likeAnswer', 'App\\User', 18, '{\"message\":\"\\u0642\\u0627\\u0645 \\u0627\\u0644\\u0639\\u0636\\u0648 Hani \\u0628\\u0627\\u0644\\u0627\\u0639\\u062c\\u0627\\u0628 \\u0628\\u0627\\u062c\\u0627\\u0628\\u062a\\u0643\",\"answer_id\":32}', '2020-08-12 06:32:45', '2020-08-12 06:29:32', '2020-08-12 06:32:45'),
(100, '6ef216a1-c46d-4c16-b2e1-a0e4177de979', 'App\\Notifications\\answerQuestion', 'App\\User', 2, '{\"message\":\"\\u0642\\u0627\\u0645 \\u0627\\u0644\\u0639\\u0636\\u0648 Hani \\u0628\\u0627\\u0644\\u0627\\u062c\\u0627\\u0628\\u0647 \\u0639\\u0644\\u0649 \\u0633\\u0624\\u0627\\u0644\\u0643\",\"question_id\":3}', NULL, '2020-08-12 06:32:06', '2020-08-12 06:32:06'),
(101, '48c10fc5-fbc1-4432-be0d-ce0965ab1510', 'App\\Notifications\\likeAnswer', 'App\\User', 17, '{\"message\":\"\\u0642\\u0627\\u0645 \\u0627\\u0644\\u0639\\u0636\\u0648 \\u0639\\u0628\\u062f \\u0627\\u0644\\u0639\\u0632\\u064a\\u0632 \\u0628\\u0627\\u0644\\u0627\\u0639\\u062c\\u0627\\u0628 \\u0628\\u0627\\u062c\\u0627\\u0628\\u062a\\u0643\",\"answer_id\":33}', '2020-08-12 07:21:42', '2020-08-12 06:37:42', '2020-08-12 07:21:42'),
(102, 'd1a6a220-8216-43c5-993e-0bb46f6fe400', 'App\\Notifications\\answerQuestion', 'App\\User', 18, '{\"message\":\"\\u0642\\u0627\\u0645 \\u0627\\u0644\\u0639\\u0636\\u0648 \\u0645\\u062d\\u0645\\u062f \\u0643\\u0631\\u064a\\u0645 \\u0628\\u0627\\u0644\\u0627\\u062c\\u0627\\u0628\\u0647 \\u0639\\u0644\\u0649 \\u0633\\u0624\\u0627\\u0644\\u0643\",\"question_id\":17}', '2020-08-13 16:19:35', '2020-08-13 16:18:43', '2020-08-13 16:19:35'),
(103, 'a3ad4f6b-b511-4138-b77c-da3857b619fe', 'App\\Notifications\\answerQuestion', 'App\\User', 18, '{\"message\":\"\\u0642\\u0627\\u0645 \\u0627\\u0644\\u0639\\u0636\\u0648 \\u0645\\u062d\\u0645\\u062f \\u0643\\u0631\\u064a\\u0645 \\u0628\\u0627\\u0644\\u0627\\u062c\\u0627\\u0628\\u0647 \\u0639\\u0644\\u0649 \\u0633\\u0624\\u0627\\u0644\\u0643\",\"question_id\":17}', '2020-08-13 16:26:06', '2020-08-13 16:25:35', '2020-08-13 16:26:06'),
(104, 'f8d51cca-b59a-4815-8781-dc4de9501cfc', 'App\\Notifications\\answerQuestion', 'App\\User', 18, '{\"message\":\"\\u0642\\u0627\\u0645 \\u0627\\u0644\\u0639\\u0636\\u0648 \\u0645\\u062d\\u0645\\u062f \\u0643\\u0631\\u064a\\u0645 \\u0628\\u0627\\u0644\\u0627\\u062c\\u0627\\u0628\\u0647 \\u0639\\u0644\\u0649 \\u0633\\u0624\\u0627\\u0644\\u0643\",\"question_id\":17}', '2020-08-13 16:29:22', '2020-08-13 16:28:25', '2020-08-13 16:29:22'),
(105, '299cd27b-35fd-4770-88a2-7ad40e774889', 'App\\Notifications\\answerQuestion', 'App\\User', 11, '{\"message\":\"\\u0642\\u0627\\u0645 \\u0627\\u0644\\u0639\\u0636\\u0648 \\u0639\\u0628\\u062f \\u0627\\u0644\\u0639\\u0632\\u064a\\u0632 \\u0628\\u0627\\u0644\\u0627\\u062c\\u0627\\u0628\\u0647 \\u0639\\u0644\\u0649 \\u0633\\u0624\\u0627\\u0644\\u0643\",\"question_id\":15}', '2020-09-28 18:42:09', '2020-08-13 16:35:36', '2020-09-28 18:42:09'),
(106, '79fe10a1-bbaa-469f-8e56-1895c063daa1', 'App\\Notifications\\answerQuestion', 'App\\User', 18, '{\"message\":\"\\u0642\\u0627\\u0645 \\u0627\\u0644\\u0639\\u0636\\u0648 \\u0645\\u062d\\u0645\\u062f \\u0643\\u0631\\u064a\\u0645 \\u0628\\u0627\\u0644\\u0627\\u062c\\u0627\\u0628\\u0647 \\u0639\\u0644\\u0649 \\u0633\\u0624\\u0627\\u0644\\u0643\",\"question_id\":17}', NULL, '2020-08-13 16:52:00', '2020-08-13 16:52:00');

-- --------------------------------------------------------

--
-- Table structure for table `password_resets`
--

CREATE TABLE `password_resets` (
  `id` int(11) NOT NULL,
  `email` varchar(255) COLLATE utf8mb4_unicode_ci NOT NULL,
  `token` varchar(255) COLLATE utf8mb4_unicode_ci NOT NULL,
  `created_at` timestamp NULL DEFAULT NULL,
  `updated_at` timestamp NULL DEFAULT NULL
) ENGINE=InnoDB DEFAULT CHARSET=utf8mb4 COLLATE=utf8mb4_unicode_ci;

--
-- Dumping data for table `password_resets`
--

INSERT INTO `password_resets` (`id`, `email`, `token`, `created_at`, `updated_at`) VALUES
(3, 'mohamedelhalwagy182@gmail.com', '5308', '2020-08-03 20:03:34', '2020-08-03 20:03:34'),
(5, 'somayahegab@gmail.com', '5244', '2020-08-04 21:12:10', '2020-08-04 21:12:10'),
(12, 'hanidespro@gmail.com', '6631', '2020-10-06 07:39:31', '2020-10-06 07:39:31'),
(18, 'blaktiger208@gmail.com', '6210', '2020-10-14 09:44:42', '2020-10-14 09:44:42'),
(25, 'm.elsadat1999@gmail.com', '6419', '2020-10-16 13:46:43', '2020-10-16 13:46:43');

-- --------------------------------------------------------

--
-- Table structure for table `questionAnswers`
--

CREATE TABLE `questionAnswers` (
  `id` int(10) UNSIGNED NOT NULL,
  `answerText` text COLLATE utf8mb4_unicode_ci NOT NULL,
  `photo` varchar(255) COLLATE utf8mb4_unicode_ci DEFAULT NULL,
  `saveAsDraft` tinyint(1) NOT NULL DEFAULT '0',
  `question_id` int(10) UNSIGNED NOT NULL,
  `user_id` int(10) UNSIGNED NOT NULL,
  `created_at` timestamp NULL DEFAULT NULL,
  `updated_at` timestamp NULL DEFAULT NULL
) ENGINE=InnoDB DEFAULT CHARSET=utf8mb4 COLLATE=utf8mb4_unicode_ci;

--
-- Dumping data for table `questionAnswers`
--

INSERT INTO `questionAnswers` (`id`, `answerText`, `photo`, `saveAsDraft`, `question_id`, `user_id`, `created_at`, `updated_at`) VALUES
(2, 'نهيق', NULL, 1, 1, 2, '2020-06-25 14:46:50', '2020-06-25 14:46:50'),
(3, 'نهيق', NULL, 0, 1, 2, '2020-06-25 14:47:34', '2020-06-25 15:45:59'),
(4, 'نهيق', NULL, 0, 1, 2, '2020-06-28 10:08:31', '2020-06-28 10:08:31'),
(5, 'klkkgl', NULL, 0, 1, 2, '2020-06-28 10:37:18', '2020-06-28 10:37:18'),
(6, 'نهيق', NULL, 0, 1, 2, '2020-06-30 11:51:19', '2020-06-30 11:51:19'),
(18, 'sdsd', NULL, 1, 5, 11, '2020-07-25 03:21:17', '2020-07-25 03:21:17'),
(19, 'sdsdsdsd', NULL, 1, 14, 11, '2020-07-26 14:55:53', '2020-07-26 14:55:53'),
(20, 'sdssdssdsdss', NULL, 1, 14, 11, '2020-07-26 15:04:41', '2020-07-26 15:04:41'),
(21, 'sdsdsdsdsds', NULL, 1, 14, 11, '2020-07-26 15:04:45', '2020-07-26 15:04:45'),
(23, 'sdsdsd', NULL, 0, 14, 11, '2020-07-26 15:04:54', '2020-07-26 15:35:55'),
(24, 'dsdsdsd', NULL, 0, 14, 11, '2020-07-26 15:05:35', '2020-07-26 15:34:59'),
(27, 'هذا', 'http://m3lomhapp.com//uploads/1595847086U4XVX0lzYv.png', 0, 15, 11, '2020-07-27 07:51:32', '2020-07-27 07:51:32'),
(28, 'مرحبا', NULL, 0, 16, 14, '2020-07-27 11:46:44', '2020-07-27 11:46:44'),
(29, 'نبتبربربر', NULL, 0, 14, 2, '2020-08-09 22:32:02', '2020-08-09 22:32:02'),
(30, 'في شارع البحرين', NULL, 0, 17, 17, '2020-08-12 05:20:41', '2020-08-12 05:21:01'),
(31, 'نعم ممكن', NULL, 0, 15, 18, '2020-08-12 06:17:51', '2020-08-12 06:17:51'),
(32, 'نباح', NULL, 0, 1, 18, '2020-08-12 06:21:04', '2020-08-12 06:21:04'),
(33, 'زئير', 'https://m3lomhapp.com//uploads/1597224718kEdEKmkPvv.png', 0, 3, 17, '2020-08-12 06:32:05', '2020-08-12 06:32:05'),
(34, 'هلا بيك', NULL, 0, 17, 11, '2020-08-13 16:18:43', '2020-08-13 16:18:43'),
(35, 'كيف الحال', NULL, 0, 17, 11, '2020-08-13 16:25:35', '2020-08-13 16:25:35'),
(36, 'هلا بيك يا هندسه', NULL, 0, 17, 11, '2020-08-13 16:28:25', '2020-08-13 16:28:25'),
(37, 'sdsd', NULL, 0, 15, 18, '2020-08-13 16:35:36', '2020-08-13 16:35:36'),
(38, 'كيف الحال', NULL, 0, 17, 11, '2020-08-13 16:52:00', '2020-08-13 16:52:00');

-- --------------------------------------------------------

--
-- Table structure for table `questions`
--

CREATE TABLE `questions` (
  `id` int(10) UNSIGNED NOT NULL,
  `photo` varchar(255) COLLATE utf8mb4_unicode_ci DEFAULT NULL,
  `questionText` text COLLATE utf8mb4_unicode_ci NOT NULL,
  `saveAsDraft` tinyint(1) NOT NULL DEFAULT '0',
  `user_id` int(10) UNSIGNED NOT NULL,
  `category_id` int(10) UNSIGNED DEFAULT NULL,
  `created_at` timestamp NULL DEFAULT NULL,
  `updated_at` timestamp NULL DEFAULT NULL
) ENGINE=InnoDB DEFAULT CHARSET=utf8mb4 COLLATE=utf8mb4_unicode_ci;

--
-- Dumping data for table `questions`
--

INSERT INTO `questions` (`id`, `photo`, `questionText`, `saveAsDraft`, `user_id`, `category_id`, `created_at`, `updated_at`) VALUES
(1, NULL, 'ماهو صوت الكلب', 0, 2, 1, '2020-06-22 22:00:00', '2020-06-22 22:00:00'),
(2, NULL, 'ماهو صوت الاسد؟', 0, 2, 1, '2020-06-25 16:24:14', '2020-06-25 16:24:14'),
(3, NULL, 'ماهو صوت الاسد؟', 0, 2, 1, '2020-06-29 17:53:40', '2020-06-29 17:53:40'),
(13, NULL, 'sdsdsd', 0, 11, 2, '2020-07-25 03:27:38', '2020-07-25 03:27:38'),
(14, NULL, 'sdsds', 0, 11, 3, '2020-07-25 03:27:52', '2020-07-25 03:27:52'),
(15, 'http://m3lomhapp.com//uploads/1595847004q9YZToRS5A.png', 'مرحبا هل من الممكن السفر إلي الماريخ', 0, 11, 2, '2020-07-27 07:50:13', '2020-07-27 07:50:13'),
(16, 'http://m3lomhapp.com//uploads/1595851955tXGEtVWpNv.png', 'مرحبا', 0, 11, 2, '2020-07-27 09:12:43', '2020-07-27 09:12:43'),
(17, 'https://m3lomhapp.com//uploads/1597220142uNb6hN518P.png', 'اين موقع قاعة افراح للاحتفالات', 0, 18, 3, '2020-08-12 05:15:46', '2020-08-12 05:15:46');

-- --------------------------------------------------------

--
-- Table structure for table `question_cities`
--

CREATE TABLE `question_cities` (
  `id` int(10) UNSIGNED NOT NULL,
  `question_id` int(10) UNSIGNED NOT NULL,
  `city_id` int(10) UNSIGNED NOT NULL,
  `created_at` timestamp NULL DEFAULT NULL,
  `updated_at` timestamp NULL DEFAULT NULL
) ENGINE=InnoDB DEFAULT CHARSET=utf8mb4 COLLATE=utf8mb4_unicode_ci;

--
-- Dumping data for table `question_cities`
--

INSERT INTO `question_cities` (`id`, `question_id`, `city_id`, `created_at`, `updated_at`) VALUES
(1, 1, 1, '2020-06-22 22:00:00', '2020-06-22 22:00:00'),
(2, 2, 1, '2020-06-25 16:24:14', '2020-06-25 16:24:14'),
(3, 2, 2, '2020-06-25 16:24:14', '2020-06-25 16:24:14'),
(4, 3, 1, '2020-06-29 17:53:41', '2020-06-29 17:53:41'),
(5, 3, 2, '2020-06-29 17:53:41', '2020-06-29 17:53:41'),
(6, 4, 3, '2020-07-25 02:29:38', '2020-07-25 02:29:38'),
(7, 5, 3, '2020-07-25 02:39:20', '2020-07-25 02:39:20'),
(8, 6, 3, '2020-07-25 02:53:05', '2020-07-25 02:53:05'),
(9, 7, 3, '2020-07-25 02:53:27', '2020-07-25 02:53:27'),
(10, 8, 3, '2020-07-25 02:54:14', '2020-07-25 02:54:14'),
(11, 9, 3, '2020-07-25 03:00:49', '2020-07-25 03:00:49'),
(12, 10, 3, '2020-07-25 03:23:41', '2020-07-25 03:23:41'),
(13, 11, 3, '2020-07-25 03:27:27', '2020-07-25 03:27:27'),
(14, 12, 3, '2020-07-25 03:27:38', '2020-07-25 03:27:38'),
(15, 13, 3, '2020-07-25 03:27:38', '2020-07-25 03:27:38'),
(16, 14, 3, '2020-07-25 03:27:52', '2020-07-25 03:27:52'),
(17, 15, 3, '2020-07-27 07:50:13', '2020-07-27 07:50:13'),
(18, 16, 3, '2020-07-27 09:12:43', '2020-07-27 09:12:43'),
(19, 17, 5, '2020-08-12 05:15:46', '2020-08-12 05:15:46');

-- --------------------------------------------------------

--
-- Table structure for table `replies`
--

CREATE TABLE `replies` (
  `id` int(10) UNSIGNED NOT NULL,
  `replyText` text COLLATE utf8mb4_unicode_ci NOT NULL,
  `answer_id` int(10) UNSIGNED NOT NULL,
  `user_id` int(10) UNSIGNED NOT NULL,
  `created_at` timestamp NULL DEFAULT NULL,
  `updated_at` timestamp NULL DEFAULT NULL
) ENGINE=InnoDB DEFAULT CHARSET=utf8mb4 COLLATE=utf8mb4_unicode_ci;

--
-- Dumping data for table `replies`
--

INSERT INTO `replies` (`id`, `replyText`, `answer_id`, `user_id`, `created_at`, `updated_at`) VALUES
(1, 'اجابه خاطئه', 2, 4, '2020-06-29 22:00:00', '2020-06-29 22:00:00'),
(2, 'dddddd', 1, 2, '2020-07-17 15:43:36', '2020-07-17 15:43:36'),
(3, 'dddddd', 1, 2, '2020-07-17 15:46:31', '2020-07-17 15:46:31'),
(4, 'dddddd', 1, 2, '2020-07-17 15:46:37', '2020-07-17 15:46:37'),
(5, 'سيسي', 3, 11, '2020-07-17 15:49:51', '2020-07-17 15:49:51'),
(6, 'sdsd', 10, 11, '2020-07-22 09:18:54', '2020-07-22 09:18:54'),
(7, 'dsd', 10, 11, '2020-07-22 09:20:56', '2020-07-22 09:20:56'),
(8, 'sd', 8, 11, '2020-07-22 09:24:03', '2020-07-22 09:24:03'),
(9, 'sdsd', 8, 11, '2020-07-22 09:24:57', '2020-07-22 09:24:57'),
(10, 'ds', 8, 11, '2020-07-22 09:25:09', '2020-07-22 09:25:09'),
(11, 'sd', 8, 11, '2020-07-22 09:25:27', '2020-07-22 09:25:27'),
(12, 'sdsdd', 8, 11, '2020-07-22 09:25:40', '2020-07-22 09:25:40'),
(13, 'sddsd', 8, 11, '2020-07-22 09:25:44', '2020-07-22 09:25:44'),
(14, 'xs', 13, 11, '2020-07-23 05:25:19', '2020-07-23 05:25:19'),
(15, 'تيتيتيرر', 23, 2, '2020-08-09 22:31:39', '2020-08-09 22:31:39'),
(16, 'هلا', 28, 16, '2020-08-10 17:45:08', '2020-08-10 17:45:08'),
(17, 'شكرا لك', 30, 18, '2020-08-12 05:26:27', '2020-08-12 05:26:27'),
(18, 'اهلا', 28, 18, '2020-08-12 06:19:44', '2020-08-12 06:19:44'),
(19, 'عفوا', 30, 17, '2020-08-12 06:22:33', '2020-08-12 06:22:33'),
(20, 'صح نباح👍', 32, 17, '2020-08-12 06:29:25', '2020-08-12 06:29:25'),
(21, '👍👍👍👍', 33, 18, '2020-08-12 06:37:28', '2020-08-12 06:37:28');

-- --------------------------------------------------------

--
-- Table structure for table `reports`
--

CREATE TABLE `reports` (
  `id` int(10) UNSIGNED NOT NULL,
  `message` text COLLATE utf8mb4_unicode_ci NOT NULL,
  `question_id` int(10) UNSIGNED NOT NULL,
  `user_id` int(10) UNSIGNED NOT NULL,
  `created_at` timestamp NULL DEFAULT NULL,
  `updated_at` timestamp NULL DEFAULT NULL
) ENGINE=InnoDB DEFAULT CHARSET=utf8mb4 COLLATE=utf8mb4_unicode_ci;

--
-- Dumping data for table `reports`
--

INSERT INTO `reports` (`id`, `message`, `question_id`, `user_id`, `created_at`, `updated_at`) VALUES
(2, 'غير لائق', 1, 3, '2020-06-29 17:58:33', '2020-06-29 17:58:33');

-- --------------------------------------------------------

--
-- Table structure for table `saves`
--

CREATE TABLE `saves` (
  `id` int(10) UNSIGNED NOT NULL,
  `question_id` int(10) UNSIGNED NOT NULL,
  `user_id` int(10) UNSIGNED NOT NULL,
  `created_at` timestamp NULL DEFAULT NULL,
  `updated_at` timestamp NULL DEFAULT NULL
) ENGINE=InnoDB DEFAULT CHARSET=utf8mb4 COLLATE=utf8mb4_unicode_ci;

--
-- Dumping data for table `saves`
--

INSERT INTO `saves` (`id`, `question_id`, `user_id`, `created_at`, `updated_at`) VALUES
(23, 1, 11, '2020-07-17 15:50:39', '2020-07-17 15:50:39'),
(32, 2, 11, '2020-07-22 22:46:16', '2020-07-22 22:46:16'),
(34, 8, 11, '2020-07-25 03:05:37', '2020-07-25 03:05:37'),
(35, 15, 11, '2020-07-27 07:50:22', '2020-07-27 07:50:22'),
(36, 16, 11, '2020-07-27 09:45:42', '2020-07-27 09:45:42'),
(37, 14, 11, '2020-07-27 12:06:41', '2020-07-27 12:06:41'),
(39, 2, 14, '2020-08-07 11:07:07', '2020-08-07 11:07:07'),
(40, 13, 16, '2020-08-10 17:45:15', '2020-08-10 17:45:15'),
(41, 17, 18, '2020-08-12 05:16:02', '2020-08-12 05:16:02'),
(42, 16, 18, '2020-08-12 05:17:04', '2020-08-12 05:17:04'),
(43, 14, 18, '2020-08-12 05:17:08', '2020-08-12 05:17:08'),
(44, 17, 17, '2020-08-12 05:18:20', '2020-08-12 05:18:20'),
(45, 15, 18, '2020-08-12 06:18:07', '2020-08-12 06:18:07'),
(46, 1, 17, '2020-08-12 06:29:36', '2020-08-12 06:29:36'),
(47, 3, 18, '2020-08-12 06:37:46', '2020-08-12 06:37:46'),
(48, 17, 11, '2020-10-10 15:28:12', '2020-10-10 15:28:12');

-- --------------------------------------------------------

--
-- Table structure for table `settings`
--

CREATE TABLE `settings` (
  `id` int(11) NOT NULL,
  `aboutUs` text COLLATE utf8mb4_unicode_ci NOT NULL,
  `created_at` timestamp NULL DEFAULT NULL,
  `updated_at` timestamp NULL DEFAULT NULL
) ENGINE=InnoDB DEFAULT CHARSET=utf8mb4 COLLATE=utf8mb4_unicode_ci;

--
-- Dumping data for table `settings`
--

INSERT INTO `settings` (`id`, `aboutUs`, `created_at`, `updated_at`) VALUES
(1, 'تطبيق معلومة<br>', '2020-06-20 22:00:00', '2020-08-11 13:34:43');

-- --------------------------------------------------------

--
-- Table structure for table `userCategories`
--

CREATE TABLE `userCategories` (
  `id` int(10) UNSIGNED NOT NULL,
  `user_id` int(10) UNSIGNED NOT NULL,
  `category_id` int(10) UNSIGNED NOT NULL,
  `created_at` timestamp NULL DEFAULT NULL,
  `updated_at` timestamp NULL DEFAULT NULL
) ENGINE=InnoDB DEFAULT CHARSET=utf8mb4 COLLATE=utf8mb4_unicode_ci;

--
-- Dumping data for table `userCategories`
--

INSERT INTO `userCategories` (`id`, `user_id`, `category_id`, `created_at`, `updated_at`) VALUES
(1, 2, 1, '2020-06-19 15:05:01', '2020-06-19 15:05:01'),
(2, 2, 2, '2020-06-19 15:05:01', '2020-06-19 15:05:01'),
(3, 7, 1, '2020-06-28 21:59:26', '2020-06-28 21:59:26'),
(4, 7, 2, '2020-06-28 21:59:26', '2020-06-28 21:59:26'),
(5, 10, 1, '2020-07-11 21:39:25', '2020-07-11 21:39:25'),
(6, 10, 2, '2020-07-11 21:39:25', '2020-07-11 21:39:25'),
(7, 10, 3, '2020-07-11 21:39:25', '2020-07-11 21:39:25'),
(8, 11, 3, '2020-07-11 21:51:04', '2020-07-11 21:51:04'),
(9, 11, 2, '2020-07-11 21:51:04', '2020-07-11 21:51:04'),
(10, 11, 1, '2020-07-11 21:51:04', '2020-07-11 21:51:04'),
(11, 12, 1, '2020-07-27 07:55:19', '2020-07-27 07:55:19'),
(12, 12, 2, '2020-07-27 07:55:19', '2020-07-27 07:55:19'),
(13, 13, 1, '2020-07-27 11:29:28', '2020-07-27 11:29:28'),
(14, 13, 2, '2020-07-27 11:29:28', '2020-07-27 11:29:28'),
(15, 14, 3, '2020-07-27 11:43:39', '2020-07-27 11:43:39'),
(16, 14, 2, '2020-07-27 11:43:39', '2020-07-27 11:43:39'),
(17, 14, 1, '2020-07-27 11:43:39', '2020-07-27 11:43:39'),
(18, 15, 1, '2020-07-28 17:23:09', '2020-07-28 17:23:09'),
(19, 15, 2, '2020-07-28 17:23:09', '2020-07-28 17:23:09'),
(20, 16, 2, '2020-08-10 17:38:40', '2020-08-10 17:38:40'),
(21, 16, 3, '2020-08-10 17:38:40', '2020-08-10 17:38:40'),
(22, 16, 1, '2020-08-10 17:38:40', '2020-08-10 17:38:40'),
(23, 17, 1, '2020-08-11 16:13:22', '2020-08-11 16:13:22'),
(24, 18, 2, '2020-08-12 04:45:19', '2020-08-12 04:45:19'),
(25, 19, 2, '2020-10-05 05:11:40', '2020-10-05 05:11:40'),
(26, 20, 1, '2020-10-05 05:59:28', '2020-10-05 05:59:28'),
(27, 20, 2, '2020-10-05 05:59:29', '2020-10-05 05:59:29'),
(28, 20, 3, '2020-10-05 05:59:29', '2020-10-05 05:59:29'),
(29, 21, 2, '2020-10-06 07:33:33', '2020-10-06 07:33:33'),
(30, 22, 1, '2020-10-06 07:51:42', '2020-10-06 07:51:42'),
(31, 22, 2, '2020-10-06 07:51:42', '2020-10-06 07:51:42'),
(32, 23, 1, '2020-10-07 19:01:51', '2020-10-07 19:01:51'),
(33, 23, 2, '2020-10-07 19:01:51', '2020-10-07 19:01:51'),
(34, 24, 1, '2020-10-15 17:49:05', '2020-10-15 17:49:05'),
(35, 25, 2, '2020-10-21 02:33:29', '2020-10-21 02:33:29'),
(36, 26, 2, '2020-10-25 15:07:34', '2020-10-25 15:07:34'),
(37, 27, 1, '2020-10-28 06:31:04', '2020-10-28 06:31:04'),
(38, 28, 2, '2020-10-28 06:32:58', '2020-10-28 06:32:58');

-- --------------------------------------------------------

--
-- Table structure for table `users`
--

CREATE TABLE `users` (
  `id` int(10) UNSIGNED NOT NULL,
  `fullName` varchar(255) COLLATE utf8mb4_unicode_ci NOT NULL,
  `userName` varchar(255) COLLATE utf8mb4_unicode_ci DEFAULT NULL,
  `phone` varchar(255) COLLATE utf8mb4_unicode_ci DEFAULT NULL,
  `photo` varchar(255) COLLATE utf8mb4_unicode_ci DEFAULT NULL,
  `activeCode` varchar(255) COLLATE utf8mb4_unicode_ci DEFAULT NULL,
  `aboutYourSelf` varchar(255) COLLATE utf8mb4_unicode_ci DEFAULT NULL,
  `yearsOfExperience` int(11) DEFAULT NULL,
  `birthDate` date DEFAULT NULL,
  `role` tinyint(4) NOT NULL DEFAULT '0',
  `ban` tinyint(4) NOT NULL DEFAULT '0',
  `gender` tinyint(4) DEFAULT NULL,
  `notifiable` tinyint(4) NOT NULL DEFAULT '1',
  `email` varchar(255) COLLATE utf8mb4_unicode_ci DEFAULT NULL,
  `email_verified_at` timestamp NULL DEFAULT NULL,
  `password` varchar(255) COLLATE utf8mb4_unicode_ci DEFAULT NULL,
  `token` varchar(255) COLLATE utf8mb4_unicode_ci NOT NULL,
  `country_id` int(10) UNSIGNED DEFAULT NULL,
  `city_id` int(10) UNSIGNED DEFAULT NULL,
  `provider_id` varchar(255) COLLATE utf8mb4_unicode_ci DEFAULT NULL,
  `educationDegree_id` int(10) UNSIGNED DEFAULT NULL,
  `specialization` varchar(255) COLLATE utf8mb4_unicode_ci DEFAULT NULL,
  `deleted_at` timestamp NULL DEFAULT NULL,
  `remember_token` varchar(100) COLLATE utf8mb4_unicode_ci DEFAULT NULL,
  `created_at` timestamp NULL DEFAULT NULL,
  `updated_at` timestamp NULL DEFAULT NULL
) ENGINE=InnoDB DEFAULT CHARSET=utf8mb4 COLLATE=utf8mb4_unicode_ci;

--
-- Dumping data for table `users`
--

INSERT INTO `users` (`id`, `fullName`, `userName`, `phone`, `photo`, `activeCode`, `aboutYourSelf`, `yearsOfExperience`, `birthDate`, `role`, `ban`, `gender`, `notifiable`, `email`, `email_verified_at`, `password`, `token`, `country_id`, `city_id`, `provider_id`, `educationDegree_id`, `specialization`, `deleted_at`, `remember_token`, `created_at`, `updated_at`) VALUES
(2, 'somaya hegab', 'somaya', NULL, NULL, '143368', '3', 3, '1993-06-01', 1, 0, 2, 1, 'somayahegab@gmail.com', '2020-06-19 17:23:27', '$2y$10$YfBJxOq2NaDCmqdeJ2NUV.9F/AJOvUcZ7Fua6I17sgf/j6tigYS0W', 'e8d8ff905b214b6ab0a9d08da0706bfd40582395', 1, 1, NULL, 1, 'الهندسه', NULL, '6xTn95dv3dqBjTYsTIeYIaMfNOPwYoI4JxARAE51VOMD3HEp7gMd6xDESSrZ', '2020-06-19 15:05:01', '2020-07-02 18:06:33'),
(3, 'fatma ali', NULL, NULL, NULL, NULL, NULL, NULL, NULL, 0, 0, NULL, 1, NULL, '2020-06-19 17:50:44', NULL, '9f2bcf92e47ea14bb59ef77c53208bfec4f01e1f', NULL, NULL, '86542125242254', 1, NULL, NULL, NULL, '2020-06-19 17:50:44', '2020-07-02 14:34:32'),
(4, 'fatma ali', NULL, NULL, NULL, NULL, NULL, NULL, NULL, 0, 0, NULL, 1, NULL, '2020-06-19 17:52:15', NULL, 'e69affc2d4978e3f0c0a0ab09383764ec4846dcc', NULL, NULL, 'ghghfhjgvg586255', 1, NULL, NULL, NULL, '2020-06-19 17:52:15', '2020-06-19 17:52:15'),
(5, 'fatma ali', NULL, NULL, NULL, NULL, NULL, NULL, NULL, 0, 0, NULL, 1, NULL, '2020-06-21 12:29:33', NULL, '70278de8c57311cb79e292c21db99dc151fa4859', NULL, NULL, '522122', 1, NULL, NULL, NULL, '2020-06-21 12:29:33', '2020-06-21 12:29:33'),
(6, 'fatma ali', NULL, NULL, NULL, NULL, NULL, NULL, NULL, 0, 0, NULL, 1, NULL, '2020-06-21 12:31:27', NULL, '5d5419b4ba0a1224b295b8f9d79960ea6f449181', NULL, NULL, '556552544665', 1, NULL, '2020-07-02 14:35:21', NULL, '2020-06-21 12:31:27', '2020-07-02 14:35:21'),
(7, 'somaya hegab', 'somaya', NULL, NULL, '609436', NULL, 3, '1993-06-01', 1, 0, 2, 1, 'somaya@gmail.com', NULL, '$2y$10$xNQsr.fnWK9M5IQC57PfdeB2dZ5M9lBKalTUtZIL3etsY.fGWo9Be', '3651ebf030b18316458a0ef9977bd87d3b81c551', 1, 1, NULL, 1, 'حاسبات', NULL, 'YnXP1oF3R7MAYBXeWLl7cBZzsam032KJLp2ll2GfX14jfpqQnTJu2Nk5DnIT', '2020-06-28 21:59:26', '2020-06-28 21:59:26'),
(8, 'عمار جميل حجاب', 'ammar hegab', NULL, '/uploads/profiles/r4LUcIlMNr.jpeg', NULL, NULL, NULL, NULL, 0, 0, NULL, 1, 'ammar@gmail.com', NULL, '$2y$10$SY2FIufyovSs/ssM77Ffj.hN1uq/iDCAXvPVwUOeKoIzY9xjimvp6', 'cbddfc3e292b3a80fa44739c7ff71d62f9583498', NULL, NULL, NULL, NULL, NULL, NULL, NULL, '2020-07-02 14:33:26', '2020-07-04 18:58:27'),
(9, 'محمد', 'محمد علاء', NULL, NULL, NULL, NULL, NULL, NULL, 1, 0, NULL, 1, 'mohamed@gmail.com', NULL, '$2y$10$jFh1cRl1wHob7Pjktc5Kq.dBB88blODpE/CYBliYRVTs5U961vKXe', '4d531c1e072c93732093df6836100a7de5635739', NULL, NULL, NULL, NULL, NULL, NULL, NULL, '2020-07-04 18:47:53', '2020-07-04 18:49:36'),
(10, 'sdsdsd', 'blaktiger205', NULL, NULL, '691235', 'sdsd', 1, '2020-07-12', 0, 0, 1, 1, 'blaktiger200@gmail.com', NULL, '$2y$10$LA0hW77EoHEHB8x8r90SRu7aYwtSYj9wKT1h80Sl.xMov3EtIAC.K', 'bd79d37e69d70603983fe01caf107c1e837c69bc', 2, 3, NULL, 2, 'sdsdsd', NULL, NULL, '2020-07-11 21:39:25', '2020-07-11 21:39:25'),
(11, 'محمد كريم', 'blaktiger205', NULL, 'http://m3lomhapp.com//uploads/1595490119U1Tr7TvsSk.png', '210415', 'صثصث', 2, '2020-07-12', 0, 0, 1, 1, 'blaktiger205@gmail.com', '2020-03-18 21:00:00', '$2y$10$t.3qqarYBVDRX5j7dgtKFuzjMZJuMThcI2.BRzDYUrV.HlNUzW3yi', 'c1d1e6f4c2ca024e008d22fba4663f7d0ff4f861', 2, 3, NULL, 4, 'البرمجه', NULL, 'cRr0EKJlOMgzoImQcvgzXbWnDpHNGtL1DBO0JoUXCxuBZGKgUVybT8IN6Udt', '2020-07-11 21:51:02', '2020-10-15 15:52:44'),
(12, 'Mohamed Elsadat', 'm.elsadat1999', NULL, NULL, '716202', 'اعمل في جمبيع التخصصات', 1, '2020-07-27', 0, 0, 1, 1, 'm.elsadat1999@gmail.com', NULL, '$2y$10$UxJA4N0ixaZe7S5KLcsZQeCli/4BTVGtTpi81DJIddaWaFfRIrGr6', 'b15a29bc07ef0799e52a658a438bffb61eb30e60', 1, 2, NULL, 5, 'مبرمج', NULL, NULL, '2020-07-27 07:55:19', '2020-07-27 07:55:19'),
(14, 'محمد السادات', 'dsd', NULL, NULL, '3749', 'sdd', 1, '2020-07-27', 0, 0, 1, 1, 'elton4641@gmail.com', '2020-07-27 11:45:41', '$2y$10$rniyr55H6neNOXWvH7IzYew2vkJbb5vlg5nZ/spyR/52J8YexJVWK', 'c2f6fc1c27149fb8d8a90f636752b182f6d02145', 2, 3, NULL, 5, 'deagin', NULL, NULL, '2020-07-27 11:43:38', '2020-07-27 11:45:41'),
(15, 'somaya hegab', 'somaya', NULL, NULL, '7950', NULL, 3, '1993-06-01', 0, 0, 2, 1, 'somayahegab@gmail.com', NULL, '$2y$10$0YBA5.28QtusVpX0i1Z4bOf3xO2BwvRh9FRga1donNx7wn0VSs3ny', 'a1746db0df5223697085f47467455a8425076090', 1, 1, NULL, 1, 'حاسبات', NULL, NULL, '2020-07-28 17:23:09', '2020-07-28 17:23:09'),
(16, 'محمد علي', 'blaktiger208', NULL, NULL, '7593', 'هلا', 2, '2020-08-10', 0, 0, 1, 1, 'blaktiger208@gmail.com', '2020-08-10 17:40:48', '$2y$10$JtPTkXJfB4MYEYkdUepgY.aNrRXNsm0wHhNPDYOOzdNIWMDLJC0ge', '6b5646a5e4d841bdd05061df040b15447b8f37f2', 2, 3, NULL, 5, 'مبرمج', NULL, NULL, '2020-08-10 17:38:40', '2020-08-10 17:40:48'),
(17, 'Hani', 'hani', NULL, 'https://m3lomhapp.com//uploads/15971733695aCcJWDaOA.png', '1698', 'محاسب قانوني', 2, '1988-01-11', 0, 0, 1, 0, 'hani.des@gmail.com', '2020-08-11 16:13:59', '$2y$10$0VINlKSK/UMSoHDqFyXFYe5/9rAbsSEdxMDiO5wyDH9SAVrI10S5q', 'ffa91ceef9df864a6f3f407fd66a15de44d01a48', 1, 1, NULL, 4, 'محاسب', NULL, NULL, '2020-08-11 16:13:22', '2020-10-27 11:48:18'),
(18, 'عبد العزيز', 'Abody', NULL, 'https://m3lomhapp.com//uploads/1597218576CCA73Dg1dt.png', '7467', 'مهندس ميكاترونيك', 1, '1995-08-12', 0, 0, 1, 1, 'hani4des@hotmail.com', '2020-08-12 04:48:08', '$2y$10$ezHqWuBuWOqtjuBFi9oxFeHmtWooNk0J27VjTtJ1/EUkd9vhyF2Pu', 'a558980360d35663eafa996c5ee7bc8051a809c2', 3, 5, NULL, 4, 'مهندس', NULL, NULL, '2020-08-12 04:45:19', '2020-10-27 16:27:11'),
(19, 'Abdullh', 'Abdullah', NULL, NULL, '9477', 'ggg', 4, '1991-01-27', 0, 0, 1, 1, 'abdullah_alhamdan@outlook.com', NULL, '$2y$10$DB5.GE/QvtNkgHmZdpuvteneL8jY4aI.Us5GSavKBm26QgJaBKS1W', '169da91cb61803506ac252d18c135abb0f9e0e33', 1, 1, NULL, 1, 'I', NULL, 'sIX10clGbmoHTxZB98RKWhlILfmsObXbeUluh7hrwSYDLHQbeJdGjZGsCfeR', '2020-10-05 05:11:40', '2020-10-28 06:09:17'),
(20, 'aa', 'a', NULL, NULL, '5750', 'a', 1, '2020-10-05', 0, 0, 1, 1, 'majestic-99@hotmail.com', NULL, '$2y$10$uwh7ljIg4kCnkjKsx6c0FOklF/wXI/OUHdkKyPu1maPN6W1ycIIAq', 'a1f64da231431233b5a13947c9b5619148dd581e', 1, 1, NULL, 1, 'aa', NULL, 'T7oUiW0vxwuKjFMq06CHp1Ev4zkDCVZGOo7VqwD1G8OpkKMIWF7ZkyPXhBFl', '2020-10-05 05:59:28', '2020-10-28 04:41:15'),
(21, 'hanides', 'hanides', NULL, NULL, '1538', 'مصمم', 1, '1998-10-06', 0, 0, 1, 1, 'hanidespro@gmail.com', NULL, '$2y$10$nv0KLa5P3dG/d0jfVnCW..pM62S.ki0.PLwqWSYOotIZPvAwxIIpS', '429552ec5524d80dcfa6c9fd6885462438bded7a', 1, 1, NULL, 4, 'مصم', NULL, 'A0jghm9g4WbNdYndmYfX6uLnfsCCLqP6ThzN7foGTCRBlbODoSX2xq8sP8U2', '2020-10-06 07:33:33', '2020-10-06 07:33:33'),
(22, 'محمد السادات', 'black', NULL, NULL, '8972', 'تييتنقز', 3, '2020-10-06', 0, 0, 1, 1, 'blaktiger225@gmail.com', NULL, '$2y$10$G5rrAIXqMxGIEjm1kwDp5Or8Fd.qnnQ7Q34hD29YmdqCqSHKj/lgm', '2288e3108dd0f29b5ca6eac5d81061d8b01aae4a', 3, 5, NULL, 4, 'بنبن', NULL, NULL, '2020-10-06 07:51:41', '2020-10-06 07:51:41'),
(23, 'محمد السيد', 'blaktiger', NULL, NULL, '5729', 'سيسي', 1, '2020-10-07', 0, 0, 1, 1, 'm.eddsdd@gmail.com', NULL, '$2y$10$RZrQeW9ciNtzfQdk1Rtwduks7hLI3HeCzJ0CBvk1BUNAGzETFi4vi', '69c5934d188ab7f7661ba67536246b663cb6d189', 3, 5, NULL, 5, 'مبرمج', NULL, NULL, '2020-10-07 19:01:51', '2020-10-07 19:01:51'),
(24, 'نسيبة', 'nosibah', NULL, NULL, '1866', 'طبيبة', 1, '2013-03-01', 0, 0, 2, 1, 'nosibah2030@gmail.com', NULL, '$2y$10$cbkrXYlvcM4dxyKlLSAl0OIxUzQoWFwfZDLN7i9BVIcgAEmWk1gbm', 'df78dd6f8a257e9dce03a2bd8c3303b6f87a0fce', 1, 1, NULL, 5, 'طب', NULL, NULL, '2020-10-15 17:49:05', '2020-10-15 17:49:05'),
(25, 'ريناد ناجي', 'renad naji ahmed', NULL, NULL, '9267', 'djekelekndndj', 1, '1993-10-21', 0, 0, 2, 1, 'renadalwesabe123@gmail.com', '2020-10-21 02:34:56', '$2y$10$e05eysBiYr2NR0fEpztPUey3dsBh.FAEONXom/pCgK38UYT5blL8G', '241f5fa5b97b6cb213046e5460fd8cc63781a573', 1, 1, NULL, 4, 'MIS', NULL, NULL, '2020-10-21 02:33:29', '2020-10-21 07:24:41'),
(26, 'renad', 'renaksosjb', NULL, NULL, '1026', 'shakejhshsjwojw', 1, '1990-12-25', 0, 0, 2, 1, 'renadalwesabe2020@gmail.com', '2020-10-25 15:08:08', '$2y$10$cqX/dPHAELKHclZ8YQmWieCI3TZMwaMU3qWg1yWIoxis3/VK4sj.u', '096118181e745ec886300360bfae49d627186afa', 1, 1, NULL, 4, 'mis', NULL, NULL, '2020-10-25 15:07:34', '2020-10-25 15:08:08'),
(27, 'ahmed el alfy', 'ahmed alfy', NULL, NULL, '2127', 'تجربه', 3, '2003-10-28', 0, 0, 1, 1, 'm@m.com', NULL, '$2y$10$D8A/8RGizDfkMu7fn3jlKutxjBrUwB7A9kvF9VGh4KfiZ7bpGmftm', '310fe652eaa084275ebd3f8ba3e84fdb3a32ead4', 1, 1, NULL, 1, 'test', NULL, 'uXGG4TBDePTXnlzDzhjVeg7pRGhv9W8bLyjetutvdHmtVfcBPibwqXupC1fN', '2020-10-28 06:31:04', '2020-10-28 06:31:04'),
(28, 'احمد الالفي', 'احمد الالفي', NULL, NULL, '9262', 'تجربه', 3, '2007-10-28', 0, 0, 1, 1, 'ma7.a7med@gmail.com', '2020-10-28 06:33:22', '$2y$10$Lmjkpy1e1/E8TDp8VXmZ1..OGqu2wZ5KDv3V2JhguUZi3vRKu7yy2', '9b78126b04b2f01e7a2588fb2ef7f0cd5ea88963', 1, 2, NULL, 5, 'تجربه', NULL, NULL, '2020-10-28 06:32:58', '2020-10-28 06:33:22');

--
-- Indexes for dumped tables
--

--
-- Indexes for table `categories`
--
ALTER TABLE `categories`
  ADD PRIMARY KEY (`id`);

--
-- Indexes for table `cities`
--
ALTER TABLE `cities`
  ADD PRIMARY KEY (`id`),
  ADD KEY `cities_country_id_foreign` (`country_id`);

--
-- Indexes for table `countries`
--
ALTER TABLE `countries`
  ADD PRIMARY KEY (`id`);

--
-- Indexes for table `educationDegrees`
--
ALTER TABLE `educationDegrees`
  ADD PRIMARY KEY (`id`);

--
-- Indexes for table `likes`
--
ALTER TABLE `likes`
  ADD PRIMARY KEY (`id`),
  ADD KEY `likes_user_id_foreign` (`user_id`);

--
-- Indexes for table `medias`
--
ALTER TABLE `medias`
  ADD PRIMARY KEY (`id`),
  ADD KEY `medias_message_id_foreign` (`message_id`);

--
-- Indexes for table `messages`
--
ALTER TABLE `messages`
  ADD PRIMARY KEY (`id`),
  ADD KEY `messages_sender_id_foreign` (`sender_id`),
  ADD KEY `messages_receiver_id_foreign` (`receiver_id`);

--
-- Indexes for table `migrations`
--
ALTER TABLE `migrations`
  ADD PRIMARY KEY (`id`);

--
-- Indexes for table `mobile_datas`
--
ALTER TABLE `mobile_datas`
  ADD PRIMARY KEY (`id`),
  ADD KEY `mobile_datas_user_id_foreign` (`user_id`);

--
-- Indexes for table `notifications`
--
ALTER TABLE `notifications`
  ADD PRIMARY KEY (`unique_id`),
  ADD KEY `notifications_notifiable_type_notifiable_id_index` (`notifiable_type`(191),`notifiable_id`),
  ADD KEY `id` (`id`),
  ADD KEY `id_2` (`id`);

--
-- Indexes for table `password_resets`
--
ALTER TABLE `password_resets`
  ADD PRIMARY KEY (`id`),
  ADD KEY `password_resets_email_index` (`email`(191));

--
-- Indexes for table `questionAnswers`
--
ALTER TABLE `questionAnswers`
  ADD PRIMARY KEY (`id`),
  ADD KEY `questionanswers_question_id_foreign` (`question_id`),
  ADD KEY `questionanswers_user_id_foreign` (`user_id`);

--
-- Indexes for table `questions`
--
ALTER TABLE `questions`
  ADD PRIMARY KEY (`id`),
  ADD KEY `questions_user_id_foreign` (`user_id`),
  ADD KEY `questions_category_id_foreign` (`category_id`);

--
-- Indexes for table `question_cities`
--
ALTER TABLE `question_cities`
  ADD PRIMARY KEY (`id`),
  ADD KEY `question_cities_question_id_foreign` (`question_id`),
  ADD KEY `question_cities_city_id_foreign` (`city_id`);

--
-- Indexes for table `replies`
--
ALTER TABLE `replies`
  ADD PRIMARY KEY (`id`),
  ADD KEY `replies_answer_id_foreign` (`answer_id`),
  ADD KEY `replies_user_id_foreign` (`user_id`);

--
-- Indexes for table `reports`
--
ALTER TABLE `reports`
  ADD PRIMARY KEY (`id`),
  ADD KEY `reports_question_id_foreign` (`question_id`),
  ADD KEY `reports_user_id_foreign` (`user_id`);

--
-- Indexes for table `saves`
--
ALTER TABLE `saves`
  ADD PRIMARY KEY (`id`),
  ADD KEY `saves_question_id_foreign` (`question_id`),
  ADD KEY `saves_user_id_foreign` (`user_id`);

--
-- Indexes for table `settings`
--
ALTER TABLE `settings`
  ADD PRIMARY KEY (`id`);

--
-- Indexes for table `userCategories`
--
ALTER TABLE `userCategories`
  ADD PRIMARY KEY (`id`),
  ADD KEY `usercategories_user_id_foreign` (`user_id`),
  ADD KEY `usercategories_category_id_foreign` (`category_id`);

--
-- Indexes for table `users`
--
ALTER TABLE `users`
  ADD PRIMARY KEY (`id`);

--
-- AUTO_INCREMENT for dumped tables
--

--
-- AUTO_INCREMENT for table `categories`
--
ALTER TABLE `categories`
  MODIFY `id` int(10) UNSIGNED NOT NULL AUTO_INCREMENT, AUTO_INCREMENT=4;

--
-- AUTO_INCREMENT for table `cities`
--
ALTER TABLE `cities`
  MODIFY `id` int(10) UNSIGNED NOT NULL AUTO_INCREMENT, AUTO_INCREMENT=6;

--
-- AUTO_INCREMENT for table `countries`
--
ALTER TABLE `countries`
  MODIFY `id` int(10) UNSIGNED NOT NULL AUTO_INCREMENT, AUTO_INCREMENT=5;

--
-- AUTO_INCREMENT for table `educationDegrees`
--
ALTER TABLE `educationDegrees`
  MODIFY `id` int(10) UNSIGNED NOT NULL AUTO_INCREMENT, AUTO_INCREMENT=6;

--
-- AUTO_INCREMENT for table `likes`
--
ALTER TABLE `likes`
  MODIFY `id` int(10) UNSIGNED NOT NULL AUTO_INCREMENT, AUTO_INCREMENT=98;

--
-- AUTO_INCREMENT for table `medias`
--
ALTER TABLE `medias`
  MODIFY `id` int(10) UNSIGNED NOT NULL AUTO_INCREMENT, AUTO_INCREMENT=36;

--
-- AUTO_INCREMENT for table `messages`
--
ALTER TABLE `messages`
  MODIFY `id` int(10) UNSIGNED NOT NULL AUTO_INCREMENT, AUTO_INCREMENT=163;

--
-- AUTO_INCREMENT for table `mobile_datas`
--
ALTER TABLE `mobile_datas`
  MODIFY `id` int(10) UNSIGNED NOT NULL AUTO_INCREMENT, AUTO_INCREMENT=12;

--
-- AUTO_INCREMENT for table `notifications`
--
ALTER TABLE `notifications`
  MODIFY `unique_id` int(11) NOT NULL AUTO_INCREMENT, AUTO_INCREMENT=107;

--
-- AUTO_INCREMENT for table `password_resets`
--
ALTER TABLE `password_resets`
  MODIFY `id` int(11) NOT NULL AUTO_INCREMENT, AUTO_INCREMENT=34;

--
-- AUTO_INCREMENT for table `questionAnswers`
--
ALTER TABLE `questionAnswers`
  MODIFY `id` int(10) UNSIGNED NOT NULL AUTO_INCREMENT, AUTO_INCREMENT=39;

--
-- AUTO_INCREMENT for table `questions`
--
ALTER TABLE `questions`
  MODIFY `id` int(10) UNSIGNED NOT NULL AUTO_INCREMENT, AUTO_INCREMENT=18;

--
-- AUTO_INCREMENT for table `question_cities`
--
ALTER TABLE `question_cities`
  MODIFY `id` int(10) UNSIGNED NOT NULL AUTO_INCREMENT, AUTO_INCREMENT=20;

--
-- AUTO_INCREMENT for table `replies`
--
ALTER TABLE `replies`
  MODIFY `id` int(10) UNSIGNED NOT NULL AUTO_INCREMENT, AUTO_INCREMENT=22;

--
-- AUTO_INCREMENT for table `reports`
--
ALTER TABLE `reports`
  MODIFY `id` int(10) UNSIGNED NOT NULL AUTO_INCREMENT, AUTO_INCREMENT=3;

--
-- AUTO_INCREMENT for table `saves`
--
ALTER TABLE `saves`
  MODIFY `id` int(10) UNSIGNED NOT NULL AUTO_INCREMENT, AUTO_INCREMENT=50;

--
-- AUTO_INCREMENT for table `settings`
--
ALTER TABLE `settings`
  MODIFY `id` int(11) NOT NULL AUTO_INCREMENT, AUTO_INCREMENT=2;

--
-- AUTO_INCREMENT for table `userCategories`
--
ALTER TABLE `userCategories`
  MODIFY `id` int(10) UNSIGNED NOT NULL AUTO_INCREMENT, AUTO_INCREMENT=39;

--
-- AUTO_INCREMENT for table `users`
--
ALTER TABLE `users`
  MODIFY `id` int(10) UNSIGNED NOT NULL AUTO_INCREMENT, AUTO_INCREMENT=29;
COMMIT;

/*!40101 SET CHARACTER_SET_CLIENT=@OLD_CHARACTER_SET_CLIENT */;
/*!40101 SET CHARACTER_SET_RESULTS=@OLD_CHARACTER_SET_RESULTS */;
/*!40101 SET COLLATION_CONNECTION=@OLD_COLLATION_CONNECTION */;
